PCAS,logKdoc,Category,CrippenLogP,SlogP_VSA1,ErGFP285_RDKit,FCFPs2048_1787_RDKit,RDKFP97_RDKit,RDKFP1999_RDKit,ExtFP215,SECFP1727_RDKit,ExtFP979,RDKFP870_RDKit,SECFP1805_RDKit,PharmFP16632_RDKit,SECFP617_RDKit,MATS2m,PatternFP730_RDKit,PatternFP654_RDKit,FuncFP3064_RDKit,SECFP1315_RDKit,RDKFP1925_RDKit,FuncFP2428_RDKit,GraphFP554,RDKFP834_RDKit,Mor29m_R,PatternFP1783_RDKit,RDKFP629_RDKit,ECFPs1024_998_RDKit,RDKFP2034_RDKit
p000001,3.62,3,3.3668,0,0,0,0,0,0,0,0,0,0,0,0,-0.232638889,0,0,0,0,0,0,1,0,-0.11,0,0,0,0
p000001,4.34,3,3.3668,0,0,0,0,0,0,0,0,0,0,0,0,-0.232638889,0,0,0,0,0,0,1,0,-0.11,0,0,0,0
p000002,4.06,3,3.6444,0,0,0,0,0,0,0,1,0,0,0,0,-0.25,0,0,0,0,0,0,0,0,0.514,0,0,0,0
p000003,2.93,3,2.8398,0,0,0,0,0,0,0,0,0,0,0,0,-0.16,0,0,0,0,0,0,1,0,0,0,0,0,0
p000003,3.29,3,2.8398,0,0,0,0,0,0,0,0,0,0,0,0,-0.16,0,0,0,0,0,0,1,0,0,0,0,0,0
p000004,4.74,1,3.993,0,0,0,0,0,0,0,0,0,0,0,0,-0.102040816,0,0,0,0,0,0,1,0,0.045,0,0,0,0
p000004,4.29,1,3.993,0,0,0,0,0,0,0,0,0,0,0,0,-0.102040816,0,0,0,0,0,0,1,0,0.045,0,0,0,0
p000004,4.17,1,3.993,0,0,0,0,0,0,0,0,0,0,0,0,-0.102040816,0,0,0,0,0,0,1,0,0.045,0,0,0,0
p000004,4.43,1,3.993,0,0,0,0,0,0,0,0,0,0,0,0,-0.102040816,0,0,0,0,0,0,1,0,0.045,0,0,0,0
p000004,4.16,1,3.993,0,0,0,0,0,0,0,0,0,0,0,0,-0.102040816,0,0,0,0,0,0,1,0,0.045,0,0,0,0
p000004,4.53,1,3.993,0,0,0,0,0,0,0,0,0,0,0,0,-0.102040816,0,0,0,0,0,0,1,0,0.045,0,0,0,0
p000004,4.25,1,3.993,0,0,0,0,0,0,0,0,0,0,0,0,-0.102040816,0,0,0,0,0,0,1,0,0.045,0,0,0,0
p000004,4.31,1,3.993,0,0,0,0,0,0,0,0,0,0,0,0,-0.102040816,0,0,0,0,0,0,1,0,0.045,0,0,0,0
p000004,4.59,2,3.993,0,0,0,0,0,0,0,0,0,0,0,0,-0.102040816,0,0,0,0,0,0,1,0,0.045,0,0,0,0
p000004,4.12,2,3.993,0,0,0,0,0,0,0,0,0,0,0,0,-0.102040816,0,0,0,0,0,0,1,0,0.045,0,0,0,0
p000004,4.89,2,3.993,0,0,0,0,0,0,0,0,0,0,0,0,-0.102040816,0,0,0,0,0,0,1,0,0.045,0,0,0,0
p000004,4.699,2,3.993,0,0,0,0,0,0,0,0,0,0,0,0,-0.102040816,0,0,0,0,0,0,1,0,0.045,0,0,0,0
p000004,4.51,2,3.993,0,0,0,0,0,0,0,0,0,0,0,0,-0.102040816,0,0,0,0,0,0,1,0,0.045,0,0,0,0
p000004,4.51,2,3.993,0,0,0,0,0,0,0,0,0,0,0,0,-0.102040816,0,0,0,0,0,0,1,0,0.045,0,0,0,0
p000004,3.93,3,3.993,0,0,0,0,0,0,0,0,0,0,0,0,-0.102040816,0,0,0,0,0,0,1,0,0.045,0,0,0,0
p000004,4.78,3,3.993,0,0,0,0,0,0,0,0,0,0,0,0,-0.102040816,0,0,0,0,0,0,1,0,0.045,0,0,0,0
p000004,4.61,3,3.993,0,0,0,0,0,0,0,0,0,0,0,0,-0.102040816,0,0,0,0,0,0,1,0,0.045,0,0,0,0
p000004,4.29,3,3.993,0,0,0,0,0,0,0,0,0,0,0,0,-0.102040816,0,0,0,0,0,0,1,0,0.045,0,0,0,0
p000004,4.193,3,3.993,0,0,0,0,0,0,0,0,0,0,0,0,-0.102040816,0,0,0,0,0,0,1,0,0.045,0,0,0,0
p000004,4.48,3,3.993,0,0,0,0,0,0,0,0,0,0,0,0,-0.102040816,0,0,0,0,0,0,1,0,0.045,0,0,0,0
p000004,4.73,3,3.993,0,0,0,0,0,0,0,0,0,0,0,0,-0.102040816,0,0,0,0,0,0,1,0,0.045,0,0,0,0
p000004,4.613,3,3.993,0,0,0,0,0,0,0,0,0,0,0,0,-0.102040816,0,0,0,0,0,0,1,0,0.045,0,0,0,0
p000004,4.55,4,3.993,0,0,0,0,0,0,0,0,0,0,0,0,-0.102040816,0,0,0,0,0,0,1,0,0.045,0,0,0,0
p000004,3.55,4,3.993,0,0,0,0,0,0,0,0,0,0,0,0,-0.102040816,0,0,0,0,0,0,1,0,0.045,0,0,0,0
p000005,2.47,3,2.44421,0,0,0,1,1,0,0,0,0,0,0,0,0.115763497,0,0,0,0,0,0,0,0,0.088,0,0,0,0
p000006,4.96,1,5.05589,0,0,0,0,0,0,0,0,0,0,0,0,-0.112217756,0,0,0,0,0,0,1,0,0.007,0,0,0,0
p000006,4.7,1,5.05589,0,0,0,0,0,0,0,0,0,0,0,0,-0.112217756,0,0,0,0,0,0,1,0,0.007,0,0,0,0
p000006,4.71,1,5.05589,0,0,0,0,0,0,0,0,0,0,0,0,-0.112217756,0,0,0,0,0,0,1,0,0.007,0,0,0,0
p000006,5.25,3,5.05589,0,0,0,0,0,0,0,0,0,0,0,0,-0.112217756,0,0,0,0,0,0,1,0,0.007,0,0,0,0
p000006,4.83,3,5.05589,0,0,0,0,0,0,0,0,0,0,0,0,-0.112217756,0,0,0,0,0,0,1,0,0.007,0,0,0,0
p000006,5.12,4,5.05589,0,0,0,0,0,0,0,0,0,0,0,0,-0.112217756,0,0,0,0,0,0,1,0,0.007,0,0,0,0
p000007,6.2,1,5.7372,0,1.3,0,0,0,0,0,0,0,0,0,0,-0.04,1,1,0,0,0,0,1,0,-0.087,1,0,0,0
p000007,6.31,1,5.7372,0,1.3,0,0,0,0,0,0,0,0,0,0,-0.04,1,1,0,0,0,0,1,0,-0.087,1,0,0,0
p000007,5.64,1,5.7372,0,1.3,0,0,0,0,0,0,0,0,0,0,-0.04,1,1,0,0,0,0,1,0,-0.087,1,0,0,0
p000007,5.31,1,5.7372,0,1.3,0,0,0,0,0,0,0,0,0,0,-0.04,1,1,0,0,0,0,1,0,-0.087,1,0,0,0
p000007,4.59,1,5.7372,0,1.3,0,0,0,0,0,0,0,0,0,0,-0.04,1,1,0,0,0,0,1,0,-0.087,1,0,0,0
p000007,4.88,1,5.7372,0,1.3,0,0,0,0,0,0,0,0,0,0,-0.04,1,1,0,0,0,0,1,0,-0.087,1,0,0,0
p000007,6.49,2,5.7372,0,1.3,0,0,0,0,0,0,0,0,0,0,-0.04,1,1,0,0,0,0,1,0,-0.087,1,0,0,0
p000007,6.84,3,5.7372,0,1.3,0,0,0,0,0,0,0,0,0,0,-0.04,1,1,0,0,0,0,1,0,-0.087,1,0,0,0
p000007,7.16,3,5.7372,0,1.3,0,0,0,0,0,0,0,0,0,0,-0.04,1,1,0,0,0,0,1,0,-0.087,1,0,0,0
p000007,6.44,4,5.7372,0,1.3,0,0,0,0,0,0,0,0,0,0,-0.04,1,1,0,0,0,0,1,0,-0.087,1,0,0,0
p000008,2.87,3,3.09559,10.63357721,0.3,0,0,0,0,0,0,0,0,0,0,0.012261147,0,0,0,0,0,0,1,0,0.222,0,1,0,0
p000009,2.83,3,2.47223,0,0,0,1,1,0,0,0,0,0,0,0,0.185707196,0,0,0,0,0,0,0,0,0.115,0,0,0,0
p000010,4.36,3,3.46927, NA, NA, NA, NA, NA,0, NA,0, NA, NA, NA, NA,0.177424832, NA, NA, NA, NA, NA, NA,0, NA, NA, NA, NA, NA, NA
p000011,2.11,3,1.79081,0,0,0,0,0,0,0,0,0,0,0,0,0.064245945,0,0,0,0,0,0,0,0,0.109,0,0,0,0
p000012,5.322,1,6.33007,4.736862954,0.3,0,1,1,0,0,0,0,0,0,0,0.167816368,1,1,0,0,0,0,1,0,-0.021,1,0,0,0
p000012,4.778,1,6.33007,4.736862954,0.3,0,1,1,0,0,0,0,0,0,0,0.167816368,1,1,0,0,0,0,1,0,-0.021,1,0,0,0
p000012,5.556,1,6.33007,4.736862954,0.3,0,1,1,0,0,0,0,0,0,0,0.167816368,1,1,0,0,0,0,1,0,-0.021,1,0,0,0
p000012,5.15,1,6.33007,4.736862954,0.3,0,1,1,0,0,0,0,0,0,0,0.167816368,1,1,0,0,0,0,1,0,-0.021,1,0,0,0
p000012,5.2,2,6.33007,4.736862954,0.3,0,1,1,0,0,0,0,0,0,0,0.167816368,1,1,0,0,0,0,1,0,-0.021,1,0,0,0
p000013,4.8,1,3.56879,0,0,0,0,1,0,0,0,0,0,0,1,0.03075362,0,0,0,0,0,0,1,0,-0.027,0,0,0,0
p000013,4.65,1,3.56879,0,0,0,0,1,0,0,0,0,0,0,1,0.03075362,0,0,0,0,0,0,1,0,-0.027,0,0,0,0
p000013,4.75,1,3.56879,0,0,0,0,1,0,0,0,0,0,0,1,0.03075362,0,0,0,0,0,0,1,0,-0.027,0,0,0,0
p000013,4.95,3,3.56879,0,0,0,0,1,0,0,0,0,0,0,1,0.03075362,0,0,0,0,0,0,1,0,-0.027,0,0,0,0
p000013,4.84,4,3.56879,0,0,0,0,1,0,0,0,0,0,0,1,0.03075362,0,0,0,0,0,0,1,0,-0.027,0,0,0,0
p000014,4.4,2,6.00519,0,0.3,0,1,1,0,0,1,0,0,0,0,0.107366802,0,0,0,0,0,0,1,0,-0.019,0,0,0,0
p000014,4.5,2,6.00519,0,0.3,0,1,1,0,0,1,0,0,0,0,0.107366802,0,0,0,0,0,0,1,0,-0.019,0,0,0,0
p000014,4.6,3,6.00519,0,0.3,0,1,1,0,0,1,0,0,0,0,0.107366802,0,0,0,0,0,0,1,0,-0.019,0,0,0,0
p000014,5.29,3,6.00519,0,0.3,0,1,1,0,0,1,0,0,0,0,0.107366802,0,0,0,0,0,0,1,0,-0.019,0,0,0,0
p000015,5.57,3,6.4788,0,0.3,0,1,1,0,0,0,0,0,0,0,0.244987073,0,0,0,0,0,0,1,0,-0.173,1,0,0,0
p000015,5.98,3,6.4788,0,0.3,0,1,1,0,0,0,0,0,0,0,0.244987073,0,0,0,0,0,0,1,0,-0.173,1,0,0,0
p000016,4.85,3,5.09388,0,0,0,1,0,1,0,1,0,0,0,0,-0.003228303,1,0,0,0,0,0,1,0,-0.724,1,0,0,0
p000017,4.82,1,3.00239,4.736862954,0.3,0,0,1,0,0,0,0,0,0,0,0.000865,0,0,0,0,0,0,1,1,0.256,0,0,0,0
p000017,3.33,2,3.00239,4.736862954,0.3,0,0,1,0,0,0,0,0,0,0,0.000865,0,0,0,0,0,0,1,1,0.256,0,0,0,0
p000017,4.89,3,3.00239,4.736862954,0.3,0,0,1,0,0,0,0,0,0,0,0.000865,0,0,0,0,0,0,1,1,0.256,0,0,0,0
p000018,2.31,3,2.41619,0,0,0,1,1,0,0,0,0,0,0,0,-0.005029531,0,0,0,0,0,0,0,0,0.101,0,0,0,0
p000019,3.89,2,6.01608,4.736862954,0.3,0,1,1,0,0,0,0,0,0,0,-0.000258,0,0,0,0,1,0,0,0,0.082,0,0,0,0
p000020,4.96,1,2.95059,0,0,1,0,0,0,0,0,0,0,0,0,0.029821151,1,1,0,0,0,0,1,0,-0.005,1,0,0,0
p000020,4.64,1,2.95059,0,0,1,0,0,0,0,0,0,0,0,0,0.029821151,1,1,0,0,0,0,1,0,-0.005,1,0,0,0
p000020,4.99,3,2.95059,0,0,1,0,0,0,0,0,0,0,0,0,0.029821151,1,1,0,0,0,0,1,0,-0.005,1,0,0,0
p000020,5.32,4,2.95059,0,0,1,0,0,0,0,0,0,0,0,0,0.029821151,1,1,0,0,0,0,1,0,-0.005,1,0,0,0
p000021,4.15,1,3.97979,0,0,0,0,0,0,0,0,0,0,0,0,0.038254843,1,1,0,0,0,0,1,0,0.031,1,0,0,0
p000021,3.99,1,3.97979,0,0,0,0,0,0,0,0,0,0,0,0,0.038254843,1,1,0,0,0,0,1,0,0.031,1,0,0,0
p000021,3.95,1,3.97979,0,0,0,0,0,0,0,0,0,0,0,0,0.038254843,1,1,0,0,0,0,1,0,0.031,1,0,0,0
p000021,3.98,1,3.97979,0,0,0,0,0,0,0,0,0,0,0,0,0.038254843,1,1,0,0,0,0,1,0,0.031,1,0,0,0
p000021,4.92,1,3.97979,0,0,0,0,0,0,0,0,0,0,0,0,0.038254843,1,1,0,0,0,0,1,0,0.031,1,0,0,0
p000021,4.57,1,3.97979,0,0,0,0,0,0,0,0,0,0,0,0,0.038254843,1,1,0,0,0,0,1,0,0.031,1,0,0,0
p000021,4.61,1,3.97979,0,0,0,0,0,0,0,0,0,0,0,0,0.038254843,1,1,0,0,0,0,1,0,0.031,1,0,0,0
p000021,3.23,2,3.97979,0,0,0,0,0,0,0,0,0,0,0,0,0.038254843,1,1,0,0,0,0,1,0,0.031,1,0,0,0
p000021,4.21,3,3.97979,0,0,0,0,0,0,0,0,0,0,0,0,0.038254843,1,1,0,0,0,0,1,0,0.031,1,0,0,0
p000021,4.21,3,3.97979,0,0,0,0,0,0,0,0,0,0,0,0,0.038254843,1,1,0,0,0,0,1,0,0.031,1,0,0,0
p000021,4.94,3,3.97979,0,0,0,0,0,0,0,0,0,0,0,0,0.038254843,1,1,0,0,0,0,1,0,0.031,1,0,0,0
p000021,3.96,4,3.97979,0,0,0,0,0,0,0,0,0,0,0,0,0.038254843,1,1,0,0,0,0,1,0,0.031,1,0,0,0
p000021,4.86,4,3.97979,0,0,0,0,0,0,0,0,0,0,0,0,0.038254843,1,1,0,0,0,0,1,0,0.031,1,0,0,0
p000021,3.96,4,3.97979,0,0,0,0,0,0,0,0,0,0,0,0,0.038254843,1,1,0,0,0,0,1,0,0.031,1,0,0,0
p000021,3.75,4,3.97979,0,0,0,0,0,0,0,0,0,0,0,0,0.038254843,1,1,0,0,0,0,1,0,0.031,1,0,0,0
p000021,3.94,4,3.97979,0,0,0,0,0,0,0,0,0,0,0,0,0.038254843,1,1,0,0,0,0,1,0,0.031,1,0,0,0
p000021,4.86,4,3.97979,0,0,0,0,0,0,0,0,0,0,0,0,0.038254843,1,1,0,0,0,0,1,0,0.031,1,0,0,0
p000021,3.68,4,3.97979,0,0,0,0,0,0,0,0,0,0,0,0,0.038254843,1,1,0,0,0,0,1,0,0.031,1,0,0,0
p000021,3.96,4,3.97979,0,0,0,0,0,0,0,0,0,0,0,0,0.038254843,1,1,0,0,0,0,1,0,0.031,1,0,0,0
p000021,5.28,4,3.97979,0,0,0,0,0,0,0,0,0,0,0,0,0.038254843,1,1,0,0,0,0,1,0,0.031,1,0,0,0
p000022,4.82,3,4.18799,0,0,0,0,1,0,0,0,0,0,0,0,0.058798575,1,1,0,0,0,0,1,0,-0.044,1,1,0,0
p000022,5.51,4,4.18799,0,0,0,0,1,0,0,0,0,0,0,0,0.058798575,1,1,0,0,0,0,1,0,-0.044,1,1,0,0
p000023,7.15,2,6.2994,0,2.6,0,0,0,0,0,0,0,0,0,0,-0.05785124,1,1,0,0,0,0,1,0,0.041,1,0,0,0
p000023,6.96,3,6.2994,0,2.6,0,0,0,0,0,0,0,0,0,0,-0.05785124,1,1,0,0,0,0,1,0,0.041,1,0,0,0
p000023,7.56,3,6.2994,0,2.6,0,0,0,0,0,0,0,0,0,0,-0.05785124,1,1,0,0,0,0,1,0,0.041,1,0,0,0
p000023,6.14,4,6.2994,0,2.6,0,0,0,0,0,0,0,0,0,0,-0.05785124,1,1,0,0,0,0,1,0,0.041,1,0,0,0
p000024,5.37,1,5.1462,0,1.3,0,0,0,0,0,0,0,0,0,0,-0.074074074,0,1,0,0,0,0,1,0,0.001,1,0,0,0
p000024,4.96,1,5.1462,0,1.3,0,0,0,0,0,0,0,0,0,0,-0.074074074,0,1,0,0,0,0,1,0,0.001,1,0,0,0
p000024,4.31,1,5.1462,0,1.3,0,0,0,0,0,0,0,0,0,0,-0.074074074,0,1,0,0,0,0,1,0,0.001,1,0,0,0
p000024,4.4,1,5.1462,0,1.3,0,0,0,0,0,0,0,0,0,0,-0.074074074,0,1,0,0,0,0,1,0,0.001,1,0,0,0
p000024,5.68,2,5.1462,0,1.3,0,0,0,0,0,0,0,0,0,0,-0.074074074,0,1,0,0,0,0,1,0,0.001,1,0,0,0
p000024,6.28,3,5.1462,0,1.3,0,0,0,0,0,0,0,0,0,0,-0.074074074,0,1,0,0,0,0,1,0,0.001,1,0,0,0
p000024,5.49,3,5.1462,0,1.3,0,0,0,0,0,0,0,0,0,0,-0.074074074,0,1,0,0,0,0,1,0,0.001,1,0,0,0
p000025,4.8,1,3.69219,0,0,0,0,0,0,0,0,0,0,0,1,0.082529043,1,1,0,0,0,0,1,0,0.069,1,0,0,0
p000025,4.55,1,3.69219,0,0,0,0,0,0,0,0,0,0,0,1,0.082529043,1,1,0,0,0,0,1,0,0.069,1,0,0,0
p000025,4.63,1,3.69219,0,0,0,0,0,0,0,0,0,0,0,1,0.082529043,1,1,0,0,0,0,1,0,0.069,1,0,0,0
p000025,4.78,3,3.69219,0,0,0,0,0,0,0,0,0,0,0,1,0.082529043,1,1,0,0,0,0,1,0,0.069,1,0,0,0
p000025,5.22,4,3.69219,0,0,0,0,0,0,0,0,0,0,0,1,0.082529043,1,1,0,0,0,0,1,0,0.069,1,0,0,0
p000026,4.59,3,4.88358,0,0,0,1,1,0,0,0,0,0,0,0,0.11290533,1,1,0,0,0,0,1,0,-0.155,1,0,0,0
p000026,3.57,4,4.88358,0,0,0,1,1,0,0,0,0,0,0,0,0.11290533,1,1,0,0,0,0,1,0,-0.155,1,0,0,0
p000026,5.53,4,4.88358,0,0,0,1,1,0,0,0,0,0,0,0,0.11290533,1,1,0,0,0,0,1,0,-0.155,1,0,0,0
p000027,3.18,2,3.80539,0,0,0,1,0,0,0,0,0,0,0,0,0.084892871,1,1,0,0,0,0,1,0,-0.001,1,0,0,0
p000027,4.04,3,3.80539,0,0,0,1,0,0,0,0,0,0,0,0,0.084892871,1,1,0,0,0,0,1,0,-0.001,1,0,0,0
p000027,3.16,4,3.80539,0,0,0,1,0,0,0,0,0,0,0,0,0.084892871,1,1,0,0,0,0,1,0,-0.001,1,0,0,0
p000027,4.74,4,3.80539,0,0,0,1,0,0,0,0,0,0,0,0,0.084892871,1,1,0,0,0,0,1,0,-0.001,1,0,0,0
p000028,5.82,3,5.9123,0,0.3,0,1,1,0,0,0,0,0,0,0,0.007782056,0,0,0,0,0,0,1,0,0.319,0,0,0,0
p000028,5.19,3,5.9123,0,0.3,0,1,1,0,0,0,0,0,0,0,0.007782056,0,0,0,0,0,0,1,0,0.319,0,0,0,0
p000029,2.22,1,5.58119,13.57124149,0.9,0,0,0,0,0,0,0,0,0,0,0.116400033,0,1,0,0,0,0,0,0,0.594,1,0,0,0
p000029,3.88,2,5.58119,13.57124149,0.9,0,0,0,0,0,0,0,0,0,0,0.116400033,0,1,0,0,0,0,0,0,0.594,1,0,0,0
p000029,4.63,3,5.58119,13.57124149,0.9,0,0,0,0,0,0,0,0,0,0,0.116400033,0,1,0,0,0,0,0,0,0.594,1,0,0,0
p000029,4.26,3,5.58119,13.57124149,0.9,0,0,0,0,0,0,0,0,0,0,0.116400033,0,1,0,0,0,0,0,0,0.594,1,0,0,0
p000030,5.18,2,4.06799,0,0.3,0,0,1,0,0,0,0,0,0,0,-0.047727038,1,1,0,0,1,0,1,1,0.252,1,0,0,0
p000031,4.25,2,2.9384,0,0,0,0,0,0,0,0,0,0,0,0,-0.022222222,1,0,0,0,0,0,1,0,0.052,0,0,0,0
p000031,3.67,3,2.9384,0,0,0,0,0,0,0,0,0,0,0,0,-0.022222222,1,0,0,0,0,0,1,0,0.052,0,0,0,0
p000031,3.185,3,2.9384,0,0,0,0,0,0,0,0,0,0,0,0,-0.022222222,1,0,0,0,0,0,1,0,0.052,0,0,0,0
p000032,3.58,3,3.1186,0,0,0,0,0,0,0,0,0,0,0,0,-0.060622711,0,0,0,0,0,0,1,0,0.017,0,0,0,0
p000032,3.86,3,3.1186,0,0,0,0,0,0,0,0,0,0,0,0,-0.060622711,0,0,0,0,0,0,1,0,0.017,0,0,0,0
p000032,3.662,3,3.1186,0,0,0,0,0,0,0,0,0,0,0,0,-0.060622711,0,0,0,0,0,0,1,0,0.017,0,0,0,0
p000033,2.19,1,3.24439,0,0,0,1,0,0,0,0,0,0,0,0,-0.067506786,0,0,0,0,0,0,1,0,0.353,0,0,0,0
p000033,4.23,2,3.24439,0,0,0,1,0,0,0,0,0,0,0,0,-0.067506786,0,0,0,0,0,0,1,0,0.353,0,0,0,0
p000034,3.334,3,2.86782,0,0,0,0,0,0,0,0,0,0,0,0,0.023484848,0,0,0,0,0,0,1,0,0.058,0,0,0,0
p000034,2.926,3,2.86782,0,0,0,0,0,0,0,0,0,0,0,0,0.023484848,0,0,0,0,0,0,1,0,0.058,0,0,0,0
p000034,2.867,3,2.86782,0,0,0,0,0,0,0,0,0,0,0,0,0.023484848,0,0,0,0,0,0,1,0,0.058,0,0,0,0
p000034,3.064,3,2.86782,0,0,0,0,0,0,0,0,0,0,0,0,0.023484848,0,0,0,0,0,0,1,0,0.058,0,0,0,0
p000034,3.1,3,2.86782,0,0,0,0,0,0,0,0,0,0,0,0,0.023484848,0,0,0,0,0,0,1,0,0.058,0,0,0,0
p000035,4.301,2,2.91599,0,0,0,0,0,0,0,0,0,0,0,0,-0.088294289,0,0,0,0,0,0,1,0,0.003,0,0,0,0
p000036,3.228,3,2.86782,0,0,0,0,0,0,0,0,0,0,0,0,0.023484848,0,0,0,0,0,0,1,0,0.016,0,0,0,0
p000036,3.52,3,2.86782,0,0,0,0,0,0,0,0,0,0,0,0,0.023484848,0,0,0,0,0,0,1,0,0.016,0,0,0,0
p000037,3.48,3,3.402,0,0,0,0,0,0,0,0,0,0,0,0,-0.185185185,0,0,0,0,0,0,1,0,0.14,0,0,0,0
p000038,5.14,1,5.80218,10.63357721,0.3,0,1,1,1,0,1,0,0,1,0,0.006345317,0,0,0,0,1,0,0,0,0.248,0,0,0,0
p000038,5.56,3,5.80218,10.63357721,0.3,0,1,1,1,0,1,0,0,1,0,0.006345317,0,0,0,0,1,0,0,0,0.248,0,0,0,0
p000039,3.56,3,3.0898,0,0.3,0,0,0,0,0,0,0,0,0,0,-0.172008547,0,0,0,0,0,0,1,0,0.204,0,0,0,0
p000040,2.24,3,1.87354,0,0,0,0,0,0,0,0,0,0,0,0,0.194381961,0,0,0,0,0,0,0,0,0.143,0,0,0,0
p000041,4.24,3,3.7569,0,0,0,0,0,0,0,0,0,0,0,0,-0.233230453,0,0,0,0,0,0,1,0,-0.126,0,0,0,0
p000041,4.85,3,3.7569,0,0,0,0,0,0,0,0,0,0,0,0,-0.233230453,0,0,0,0,0,0,1,0,-0.126,0,0,0,0
p000042,5.48,3,4.9272,0,0,0,0,0,0,0,0,0,0,0,0,-0.23539886,0,0,0,0,0,0,1,0,-0.176,0,0,0,0
p000043,4.97,3,5.607,0,0,0,1,1,0,0,0,0,0,0,0,-0.333333333,0,0,0,0,0,0,0,0,-0.289,0,0,0,0
p000043,5.14,3,5.607,0,0,0,1,1,0,0,0,0,0,0,0,-0.333333333,0,0,0,0,0,0,0,0,-0.289,0,0,0,0
p000044,4.92,1,3.993,0,0.3,0,0,0,0,0,0,0,0,0,0,-0.102040816,0,0,0,0,0,0,1,0,-0.068,0,0,0,0
p000044,4.5,1,3.993,0,0.3,0,0,0,0,0,0,0,0,0,0,-0.102040816,0,0,0,0,0,0,1,0,-0.068,0,0,0,0
p000044,4.36,1,3.993,0,0.3,0,0,0,0,0,0,0,0,0,0,-0.102040816,0,0,0,0,0,0,1,0,-0.068,0,0,0,0
p000044,4.05,1,3.993,0,0.3,0,0,0,0,0,0,0,0,0,0,-0.102040816,0,0,0,0,0,0,1,0,-0.068,0,0,0,0
p000044,4.22,1,3.993,0,0.3,0,0,0,0,0,0,0,0,0,0,-0.102040816,0,0,0,0,0,0,1,0,-0.068,0,0,0,0
p000044,4.01,1,3.993,0,0.3,0,0,0,0,0,0,0,0,0,0,-0.102040816,0,0,0,0,0,0,1,0,-0.068,0,0,0,0
p000044,4.422,1,3.993,0,0.3,0,0,0,0,0,0,0,0,0,0,-0.102040816,0,0,0,0,0,0,1,0,-0.068,0,0,0,0
p000044,4.179,1,3.993,0,0.3,0,0,0,0,0,0,0,0,0,0,-0.102040816,0,0,0,0,0,0,1,0,-0.068,0,0,0,0
p000044,4.83,2,3.993,0,0.3,0,0,0,0,0,0,0,0,0,0,-0.102040816,0,0,0,0,0,0,1,0,-0.068,0,0,0,0
p000044,4.22,2,3.993,0,0.3,0,0,0,0,0,0,0,0,0,0,-0.102040816,0,0,0,0,0,0,1,0,-0.068,0,0,0,0
p000044,4.88,2,3.993,0,0.3,0,0,0,0,0,0,0,0,0,0,-0.102040816,0,0,0,0,0,0,1,0,-0.068,0,0,0,0
p000044,4.929,2,3.993,0,0.3,0,0,0,0,0,0,0,0,0,0,-0.102040816,0,0,0,0,0,0,1,0,-0.068,0,0,0,0
p000044,4.568,2,3.993,0,0.3,0,0,0,0,0,0,0,0,0,0,-0.102040816,0,0,0,0,0,0,1,0,-0.068,0,0,0,0
p000044,4.806,2,3.993,0,0.3,0,0,0,0,0,0,0,0,0,0,-0.102040816,0,0,0,0,0,0,1,0,-0.068,0,0,0,0
p000044,4.079,2,3.993,0,0.3,0,0,0,0,0,0,0,0,0,0,-0.102040816,0,0,0,0,0,0,1,0,-0.068,0,0,0,0
p000044,4.342,2,3.993,0,0.3,0,0,0,0,0,0,0,0,0,0,-0.102040816,0,0,0,0,0,0,1,0,-0.068,0,0,0,0
p000044,4.204,2,3.993,0,0.3,0,0,0,0,0,0,0,0,0,0,-0.102040816,0,0,0,0,0,0,1,0,-0.068,0,0,0,0
p000044,4.398,2,3.993,0,0.3,0,0,0,0,0,0,0,0,0,0,-0.102040816,0,0,0,0,0,0,1,0,-0.068,0,0,0,0
p000044,4.778,2,3.993,0,0.3,0,0,0,0,0,0,0,0,0,0,-0.102040816,0,0,0,0,0,0,1,0,-0.068,0,0,0,0
p000044,4.699,2,3.993,0,0.3,0,0,0,0,0,0,0,0,0,0,-0.102040816,0,0,0,0,0,0,1,0,-0.068,0,0,0,0
p000044,4.699,2,3.993,0,0.3,0,0,0,0,0,0,0,0,0,0,-0.102040816,0,0,0,0,0,0,1,0,-0.068,0,0,0,0
p000044,4.699,2,3.993,0,0.3,0,0,0,0,0,0,0,0,0,0,-0.102040816,0,0,0,0,0,0,1,0,-0.068,0,0,0,0
p000044,4.699,2,3.993,0,0.3,0,0,0,0,0,0,0,0,0,0,-0.102040816,0,0,0,0,0,0,1,0,-0.068,0,0,0,0
p000044,4.845,2,3.993,0,0.3,0,0,0,0,0,0,0,0,0,0,-0.102040816,0,0,0,0,0,0,1,0,-0.068,0,0,0,0
p000044,5,2,3.993,0,0.3,0,0,0,0,0,0,0,0,0,0,-0.102040816,0,0,0,0,0,0,1,0,-0.068,0,0,0,0
p000044,5,2,3.993,0,0.3,0,0,0,0,0,0,0,0,0,0,-0.102040816,0,0,0,0,0,0,1,0,-0.068,0,0,0,0
p000044,4.699,2,3.993,0,0.3,0,0,0,0,0,0,0,0,0,0,-0.102040816,0,0,0,0,0,0,1,0,-0.068,0,0,0,0
p000044,4.204,2,3.993,0,0.3,0,0,0,0,0,0,0,0,0,0,-0.102040816,0,0,0,0,0,0,1,0,-0.068,0,0,0,0
p000044,4.505,2,3.993,0,0.3,0,0,0,0,0,0,0,0,0,0,-0.102040816,0,0,0,0,0,0,1,0,-0.068,0,0,0,0
p000044,4.89,3,3.993,0,0.3,0,0,0,0,0,0,0,0,0,0,-0.102040816,0,0,0,0,0,0,1,0,-0.068,0,0,0,0
p000044,4.42,3,3.993,0,0.3,0,0,0,0,0,0,0,0,0,0,-0.102040816,0,0,0,0,0,0,1,0,-0.068,0,0,0,0
p000044,4.716,3,3.993,0,0.3,0,0,0,0,0,0,0,0,0,0,-0.102040816,0,0,0,0,0,0,1,0,-0.068,0,0,0,0
p000044,5,3,3.993,0,0.3,0,0,0,0,0,0,0,0,0,0,-0.102040816,0,0,0,0,0,0,1,0,-0.068,0,0,0,0
p000044,4.87,4,3.993,0,0.3,0,0,0,0,0,0,0,0,0,0,-0.102040816,0,0,0,0,0,0,1,0,-0.068,0,0,0,0
p000044,3.71,4,3.993,0,0.3,0,0,0,0,0,0,0,0,0,0,-0.102040816,0,0,0,0,0,0,1,0,-0.068,0,0,0,0
p000045,4.94,1,4.47659,0,0,0,0,0,0,0,0,0,0,0,0,0.247592911,0,0,0,0,0,0,1,0,0.15,0,0,1,0
p000045,4.63,1,4.47659,0,0,0,0,0,0,0,0,0,0,0,0,0.247592911,0,0,0,0,0,0,1,0,0.15,0,0,1,0
p000045,4.84,3,4.47659,0,0,0,0,0,0,0,0,0,0,0,0,0.247592911,0,0,0,0,0,0,1,0,0.15,0,0,1,0
p000045,5.16,4,4.47659,0,0,0,0,0,0,0,0,0,0,0,0,0.247592911,0,0,0,0,0,0,1,0,0.15,0,0,1,0
p000046,3.36,3,2.9767,0,0,0,0,0,0,0,0,0,0,0,0,-0.232355442,0,0,0,0,0,0,0,0,-0.09,0,0,0,0
p000046,4.08,3,2.9767,0,0,0,0,0,0,0,0,0,0,0,0,-0.232355442,0,0,0,0,0,0,0,0,-0.09,0,0,0,0
p000047,2,3,1.77139,4.736862954,0,0,0,0,0,0,0,0,0,0,0,0.007234752,0,0,0,0,0,0,0,0,0.158,0,0,0,0
p000048,5.62,1,6.3282,0,0.6,0,0,0,0,0,0,0,0,0,0,-0.016528926,1,1,0,0,0,0,1,0,-0.119,1,0,0,0
p000048,5.58,1,6.3282,0,0.6,0,0,0,0,0,0,0,0,0,0,-0.016528926,1,1,0,0,0,0,1,0,-0.119,1,0,0,0
p000048,4.88,1,6.3282,0,0.6,0,0,0,0,0,0,0,0,0,0,-0.016528926,1,1,0,0,0,0,1,0,-0.119,1,0,0,0
p000048,5.31,1,6.3282,0,0.6,0,0,0,0,0,0,0,0,0,0,-0.016528926,1,1,0,0,0,0,1,0,-0.119,1,0,0,0
p000048,7.03,2,6.3282,0,0.6,0,0,0,0,0,0,0,0,0,0,-0.016528926,1,1,0,0,0,0,1,0,-0.119,1,0,0,0
p000048,7.43,3,6.3282,0,0.6,0,0,0,0,0,0,0,0,0,0,-0.016528926,1,1,0,0,0,0,1,0,-0.119,1,0,0,0
p000048,7.29,3,6.3282,0,0.6,0,0,0,0,0,0,0,0,0,0,-0.016528926,1,1,0,0,0,0,1,0,-0.119,1,0,0,0
p000048,5.76,4,6.3282,0,0.6,0,0,0,0,0,0,0,0,0,0,-0.016528926,1,1,0,0,0,0,1,0,-0.119,1,0,0,0
p000049,5.47,1,5.7372,0,0.3,0,0,0,0,0,0,0,0,0,0,-0.04,1,1,0,0,0,0,1,0,0.123,1,0,0,0
p000049,4.93,1,5.7372,0,0.3,0,0,0,0,0,0,0,0,0,0,-0.04,1,1,0,0,0,0,1,0,0.123,1,0,0,0
p000049,5.14,1,5.7372,0,0.3,0,0,0,0,0,0,0,0,0,0,-0.04,1,1,0,0,0,0,1,0,0.123,1,0,0,0
p000049,5.74,1,5.7372,0,0.3,0,0,0,0,0,0,0,0,0,0,-0.04,1,1,0,0,0,0,1,0,0.123,1,0,0,0
p000049,6.6,1,5.7372,0,0.3,0,0,0,0,0,0,0,0,0,0,-0.04,1,1,0,0,0,0,1,0,0.123,1,0,0,0
p000049,6.23,1,5.7372,0,0.3,0,0,0,0,0,0,0,0,0,0,-0.04,1,1,0,0,0,0,1,0,0.123,1,0,0,0
p000049,5.67,1,5.7372,0,0.3,0,0,0,0,0,0,0,0,0,0,-0.04,1,1,0,0,0,0,1,0,0.123,1,0,0,0
p000050,7.02,2,6.3282,0,2.3,0,0,0,0,0,0,0,0,0,0,-0.016528926,1,1,0,0,1,0,1,0,0.174,1,0,1,0
p000051,5.51,1,5.7372,0,0.6,0,0,0,0,0,0,0,0,0,0,-0.04,1,1,0,0,0,0,1,0,0.258,1,0,0,0
p000051,5.2,1,5.7372,0,0.6,0,0,0,0,0,0,0,0,0,0,-0.04,1,1,0,0,0,0,1,0,0.258,1,0,0,0
p000051,4.53,1,5.7372,0,0.6,0,0,0,0,0,0,0,0,0,0,-0.04,1,1,0,0,0,0,1,0,0.258,1,0,0,0
p000051,4.87,1,5.7372,0,0.6,0,0,0,0,0,0,0,0,0,0,-0.04,1,1,0,0,0,0,1,0,0.258,1,0,0,0
p000051,5.66,1,5.7372,0,0.6,0,0,0,0,0,0,0,0,0,0,-0.04,1,1,0,0,0,0,1,0,0.258,1,0,0,0
p000051,4.83,1,5.7372,0,0.6,0,0,0,0,0,0,0,0,0,0,-0.04,1,1,0,0,0,0,1,0,0.258,1,0,0,0
p000051,5.33,1,5.7372,0,0.6,0,0,0,0,0,0,0,0,0,0,-0.04,1,1,0,0,0,0,1,0,0.258,1,0,0,0
p000051,5.2,1,5.7372,0,0.6,0,0,0,0,0,0,0,0,0,0,-0.04,1,1,0,0,0,0,1,0,0.258,1,0,0,0
p000051,5.03,1,5.7372,0,0.6,0,0,0,0,0,0,0,0,0,0,-0.04,1,1,0,0,0,0,1,0,0.258,1,0,0,0
p000051,4.86,1,5.7372,0,0.6,0,0,0,0,0,0,0,0,0,0,-0.04,1,1,0,0,0,0,1,0,0.258,1,0,0,0
p000051,5.981,1,5.7372,0,0.6,0,0,0,0,0,0,0,0,0,0,-0.04,1,1,0,0,0,0,1,0,0.258,1,0,0,0
p000051,5.826,1,5.7372,0,0.6,0,0,0,0,0,0,0,0,0,0,-0.04,1,1,0,0,0,0,1,0,0.258,1,0,0,0
p000051,6.041,1,5.7372,0,0.6,0,0,0,0,0,0,0,0,0,0,-0.04,1,1,0,0,0,0,1,0,0.258,1,0,0,0
p000051,5.94,2,5.7372,0,0.6,0,0,0,0,0,0,0,0,0,0,-0.04,1,1,0,0,0,0,1,0,0.258,1,0,0,0
p000051,5.944,3,5.7372,0,0.6,0,0,0,0,0,0,0,0,0,0,-0.04,1,1,0,0,0,0,1,0,0.258,1,0,0,0
p000051,6.23,3,5.7372,0,0.6,0,0,0,0,0,0,0,0,0,0,-0.04,1,1,0,0,0,0,1,0,0.258,1,0,0,0
p000051,6.38,3,5.7372,0,0.6,0,0,0,0,0,0,0,0,0,0,-0.04,1,1,0,0,0,0,1,0,0.258,1,0,0,0
p000052,6.22,2,5.7372,0,1.3,0,0,0,0,0,0,0,0,0,0,-0.04,1,1,0,0,1,0,1,0,0.162,1,0,1,0
p000052,6.96,3,5.7372,0,1.3,0,0,0,0,0,0,0,0,0,0,-0.04,1,1,0,0,1,0,1,0,0.162,1,0,1,0
p000053,5.41,1,4.584,0,0,0,0,0,0,0,0,0,0,0,0,-0.052083333,1,0,0,0,1,0,1,0,0.243,0,0,0,0
p000053,4.91,1,4.584,0,0,0,0,0,0,0,0,0,0,0,0,-0.052083333,1,0,0,0,1,0,1,0,0.243,0,0,0,0
p000053,4.75,1,4.584,0,0,0,0,0,0,0,0,0,0,0,0,-0.052083333,1,0,0,0,1,0,1,0,0.243,0,0,0,0
p000053,4.61,1,4.584,0,0,0,0,0,0,0,0,0,0,0,0,-0.052083333,1,0,0,0,1,0,1,0,0.243,0,0,0,0
p000053,4.14,1,4.584,0,0,0,0,0,0,0,0,0,0,0,0,-0.052083333,1,0,0,0,1,0,1,0,0.243,0,0,0,0
p000053,4.699,1,4.584,0,0,0,0,0,0,0,0,0,0,0,0,-0.052083333,1,0,0,0,1,0,1,0,0.243,0,0,0,0
p000053,4.301,1,4.584,0,0,0,0,0,0,0,0,0,0,0,0,-0.052083333,1,0,0,0,1,0,1,0,0.243,0,0,0,0
p000053,4.954,1,4.584,0,0,0,0,0,0,0,0,0,0,0,0,-0.052083333,1,0,0,0,1,0,1,0,0.243,0,0,0,0
p000053,5.18,2,4.584,0,0,0,0,0,0,0,0,0,0,0,0,-0.052083333,1,0,0,0,1,0,1,0,0.243,0,0,0,0
p000053,4.93,2,4.584,0,0,0,0,0,0,0,0,0,0,0,0,-0.052083333,1,0,0,0,1,0,1,0,0.243,0,0,0,0
p000053,4.964,2,4.584,0,0,0,0,0,0,0,0,0,0,0,0,-0.052083333,1,0,0,0,1,0,1,0,0.243,0,0,0,0
p000053,4.954,2,4.584,0,0,0,0,0,0,0,0,0,0,0,0,-0.052083333,1,0,0,0,1,0,1,0,0.243,0,0,0,0
p000053,4.954,2,4.584,0,0,0,0,0,0,0,0,0,0,0,0,-0.052083333,1,0,0,0,1,0,1,0,0.243,0,0,0,0
p000053,4.778,2,4.584,0,0,0,0,0,0,0,0,0,0,0,0,-0.052083333,1,0,0,0,1,0,1,0,0.243,0,0,0,0
p000053,4.845,2,4.584,0,0,0,0,0,0,0,0,0,0,0,0,-0.052083333,1,0,0,0,1,0,1,0,0.243,0,0,0,0
p000053,5.041,2,4.584,0,0,0,0,0,0,0,0,0,0,0,0,-0.052083333,1,0,0,0,1,0,1,0,0.243,0,0,0,0
p000053,4.954,2,4.584,0,0,0,0,0,0,0,0,0,0,0,0,-0.052083333,1,0,0,0,1,0,1,0,0.243,0,0,0,0
p000053,4.903,2,4.584,0,0,0,0,0,0,0,0,0,0,0,0,-0.052083333,1,0,0,0,1,0,1,0,0.243,0,0,0,0
p000053,4.903,2,4.584,0,0,0,0,0,0,0,0,0,0,0,0,-0.052083333,1,0,0,0,1,0,1,0,0.243,0,0,0,0
p000053,4.903,2,4.584,0,0,0,0,0,0,0,0,0,0,0,0,-0.052083333,1,0,0,0,1,0,1,0,0.243,0,0,0,0
p000053,4.903,2,4.584,0,0,0,0,0,0,0,0,0,0,0,0,-0.052083333,1,0,0,0,1,0,1,0,0.243,0,0,0,0
p000053,4.699,2,4.584,0,0,0,0,0,0,0,0,0,0,0,0,-0.052083333,1,0,0,0,1,0,1,0,0.243,0,0,0,0
p000053,4.954,2,4.584,0,0,0,0,0,0,0,0,0,0,0,0,-0.052083333,1,0,0,0,1,0,1,0,0.243,0,0,0,0
p000053,5.079,2,4.584,0,0,0,0,0,0,0,0,0,0,0,0,-0.052083333,1,0,0,0,1,0,1,0,0.243,0,0,0,0
p000053,5.114,2,4.584,0,0,0,0,0,0,0,0,0,0,0,0,-0.052083333,1,0,0,0,1,0,1,0,0.243,0,0,0,0
p000053,5.204,2,4.584,0,0,0,0,0,0,0,0,0,0,0,0,-0.052083333,1,0,0,0,1,0,1,0,0.243,0,0,0,0
p000053,4.778,2,4.584,0,0,0,0,0,0,0,0,0,0,0,0,-0.052083333,1,0,0,0,1,0,1,0,0.243,0,0,0,0
p000053,4.477,2,4.584,0,0,0,0,0,0,0,0,0,0,0,0,-0.052083333,1,0,0,0,1,0,1,0,0.243,0,0,0,0
p000053,4.845,2,4.584,0,0,0,0,0,0,0,0,0,0,0,0,-0.052083333,1,0,0,0,1,0,1,0,0.243,0,0,0,0
p000053,4.43,2,4.584,0,0,0,0,0,0,0,0,0,0,0,0,-0.052083333,1,0,0,0,1,0,1,0,0.243,0,0,0,0
p000053,4.58,2,4.584,0,0,0,0,0,0,0,0,0,0,0,0,-0.052083333,1,0,0,0,1,0,1,0,0.243,0,0,0,0
p000053,5.5,3,4.584,0,0,0,0,0,0,0,0,0,0,0,0,-0.052083333,1,0,0,0,1,0,1,0,0.243,0,0,0,0
p000053,5.11,3,4.584,0,0,0,0,0,0,0,0,0,0,0,0,-0.052083333,1,0,0,0,1,0,1,0,0.243,0,0,0,0
p000053,4.86,3,4.584,0,0,0,0,0,0,0,0,0,0,0,0,-0.052083333,1,0,0,0,1,0,1,0,0.243,0,0,0,0
p000053,4.529,3,4.584,0,0,0,0,0,0,0,0,0,0,0,0,-0.052083333,1,0,0,0,1,0,1,0,0.243,0,0,0,0
p000053,4.732,3,4.584,0,0,0,0,0,0,0,0,0,0,0,0,-0.052083333,1,0,0,0,1,0,1,0,0.243,0,0,0,0
p000053,5.26,3,4.584,0,0,0,0,0,0,0,0,0,0,0,0,-0.052083333,1,0,0,0,1,0,1,0,0.243,0,0,0,0
p000053,5.061,3,4.584,0,0,0,0,0,0,0,0,0,0,0,0,-0.052083333,1,0,0,0,1,0,1,0,0.243,0,0,0,0
p000053,5.255,3,4.584,0,0,0,0,0,0,0,0,0,0,0,0,-0.052083333,1,0,0,0,1,0,1,0,0.243,0,0,0,0
p000053,5.09,4,4.584,0,0,0,0,0,0,0,0,0,0,0,0,-0.052083333,1,0,0,0,1,0,1,0,0.243,0,0,0,0
p000053,3.21,4,4.584,0,0,0,0,0,0,0,0,0,0,0,0,-0.052083333,1,0,0,0,1,0,1,0,0.243,0,0,0,0
p000054,6.47,2,5.7372,0,2.3,0,0,0,0,0,0,0,0,0,0,-0.04,1,1,0,0,1,0,1,0,0.137,1,0,1,0
p000055,4.91,2,3.03199,0,0,0,0,0,0,0,0,0,0,0,0,-0.074074074,1,0,0,0,0,0,1,0,0.185,0,0,0,0
p000056,7.24,3,6.2994,0,2.3,0,0,0,0,0,0,0,0,0,0,-0.05785124,1,1,0,0,0,0,1,0,0.351,1,0,0,0
p000056,5.88,4,6.2994,0,2.3,0,0,0,0,0,0,0,0,0,0,-0.05785124,1,1,0,0,0,0,1,0,0.351,1,0,0,0
p000057,5.23,1,5.1462,0,1,0,0,0,0,0,0,0,0,0,0,-0.074074074,0,1,0,0,0,0,1,0,0.139,1,0,0,0
p000057,5.01,1,5.1462,0,1,0,0,0,0,0,0,0,0,0,0,-0.074074074,0,1,0,0,0,0,1,0,0.139,1,0,0,0
p000057,4.31,1,5.1462,0,1,0,0,0,0,0,0,0,0,0,0,-0.074074074,0,1,0,0,0,0,1,0,0.139,1,0,0,0
p000057,4.27,1,5.1462,0,1,0,0,0,0,0,0,0,0,0,0,-0.074074074,0,1,0,0,0,0,1,0,0.139,1,0,0,0
p000057,5.75,2,5.1462,0,1,0,0,0,0,0,0,0,0,0,0,-0.074074074,0,1,0,0,0,0,1,0,0.139,1,0,0,0
p000057,5.06,3,5.1462,0,1,0,0,0,0,0,0,0,0,0,0,-0.074074074,0,1,0,0,0,0,1,0,0.139,1,0,0,0
p000057,5.91,3,5.1462,0,1,0,0,0,0,0,0,0,0,0,0,-0.074074074,0,1,0,0,0,0,1,0,0.139,1,0,0,0
p000058,2.32,3,1.90189,0,0,0,0,0,0,0,0,0,0,0,0,-0.056562701,0,0,0,0,0,0,0,0,0.144,0,0,0,0
p000059,5.55,2,4.06799,0,1,0,0,1,0,0,0,0,0,0,0,-0.047727038,1,1,0,0,1,0,1,1,-0.025,1,0,0,0
p000060,3.84,2,2.91479,0,0,0,0,1,0,0,0,0,0,0,0,-0.06203237,0,0,0,0,0,0,1,1,0.002,0,0,0,0
p000061,4.87,3,5.64409,5.733667477,0,0,1,1,0,0,0,0,0,0,0,-0.062184143,0,0,0,0,1,0,0,1,-0.035,0,0,0,0
p000062,2.29,3,1.90156,0,0,0,0,0,0,0,0,0,0,0,0,0.279560646,0,0,0,0,0,0,0,0,0.158,0,0,0,0
p000063,4.02,3,3.0786,0,0,0,0,0,0,0,0,0,0,0,0,0.158564815,0,0,0,0,0,0,0,0,-0.091,0,0,1,0
p000064,3.17,1,5.63723,13.57124149,0.9,0,0,0,0,0,0,0,0,1,0,0.213747608,0,1,0,0,0,0,0,0,0.589,1,0,0,0
p000064,4.54,2,5.63723,13.57124149,0.9,0,0,0,0,0,0,0,0,1,0,0.213747608,0,1,0,0,0,0,0,0,0.589,1,0,0,0
p000064,5.31,3,5.63723,13.57124149,0.9,0,0,0,0,0,0,0,0,1,0,0.213747608,0,1,0,0,0,0,0,0,0.589,1,0,0,0
p000064,5.01,3,5.63723,13.57124149,0.9,0,0,0,0,0,0,0,0,1,0,0.213747608,0,1,0,0,0,0,0,0,0.589,1,0,0,0
p000065,3.549,3,2.89584,0,0,0,0,0,0,0,0,0,0,0,0,0.142857143,0,0,0,0,0,0,1,0,0.073,0,0,0,0
p000066,3.702,3,2.89584,0,0,0,0,0,0,0,0,0,0,0,0,0.142857143,0,0,0,0,0,0,1,0,0.082,0,1,0,0
p000066,3.332,3,2.89584,0,0,0,0,0,0,0,0,0,0,0,0,0.142857143,0,0,0,0,0,0,1,0,0.082,0,1,0,0
p000066,3.272,3,2.89584,0,0,0,0,0,0,0,0,0,0,0,0,0.142857143,0,0,0,0,0,0,1,0,0.082,0,1,0,0
p000066,3.413,3,2.89584,0,0,0,0,0,0,0,0,0,0,0,0,0.142857143,0,0,0,0,0,0,1,0,0.082,0,1,0,0
p000066,3.439,3,2.89584,0,0,0,0,0,0,0,0,0,0,0,0,0.142857143,0,0,0,0,0,0,1,0,0.082,0,1,0,0
p000067,4.5,3,4.9536,0,0,0,1,1,0,0,0,0,0,0,0,-0.162447482,0,0,0,0,0,0,0,0,-0.007,0,0,0,0
p000068,6,3,5.3173,0,0,0,0,0,0,0,0,0,0,0,0,-0.23608763,0,0,0,0,0,0,1,0,-0.194,0,0,0,0
p000069,4.35,3,4.3002,0,0,0,1,1,0,0,0,0,0,0,0,-0.071121305,0,0,0,0,0,0,0,0,0.028,0,0,0,0
p000070,4.86,3,4.02102,0,0.3,0,0,0,0,0,0,0,0,0,0,0.040625,0,0,0,0,0,0,1,0,-0.014,0,0,0,0
p000071,3.31,3,0.40249, NA, NA, NA, NA, NA,0, NA,0, NA, NA, NA, NA,0.183329403, NA, NA, NA, NA, NA, NA,1, NA, NA, NA, NA, NA, NA
p000072,3.44,3,4.53532,0,0,0,1,0,0,0,0,0,0,0,0,0.329995509,1,0,0,0,0,0,1,0,0.112,1,0,0,0
p000073,3.88,1,3.051,0,0,0,0,0,0,0,0,0,0,0,0,-0.114579164,0,0,0,0,0,0,0,0,0.269,0,0,0,0
p000073,3.73,2,3.051,0,0,0,0,0,0,0,0,0,0,0,0,-0.114579164,0,0,0,0,0,0,0,0,0.269,0,0,0,0
p000073,3.48,3,3.051,0,0,0,0,0,0,0,0,0,0,0,0,-0.114579164,0,0,0,0,0,0,0,0,0.269,0,0,0,0
p000073,3.81,3,3.051,0,0,0,0,0,0,0,0,0,0,0,0,-0.114579164,0,0,0,0,0,0,0,0,0.269,0,0,0,0
p000074,5.2,3,4.5371,0,0,0,0,0,0,0,0,0,0,0,0,-0.234676309,0,0,0,0,0,0,1,0,-0.158,0,0,0,0
p000074,5.58,3,4.5371,0,0,0,0,0,0,0,0,0,0,0,0,-0.234676309,0,0,0,0,0,0,1,0,-0.158,0,0,0,0
p000075,2.46,1,6.50708,9.047494323,0.3,0,0,0,0,0,0,0,0,0,0,0.10226619,0,1,0,0,0,0,0,0,0.103,1,0,0,0
p000075,4.16,2,6.50708,9.047494323,0.3,0,0,0,0,0,0,0,0,0,0,0.10226619,0,1,0,0,0,0,0,0,0.103,1,0,0,0
p000075,5.3,3,6.50708,9.047494323,0.3,0,0,0,0,0,0,0,0,0,0,0.10226619,0,1,0,0,0,0,0,0,0.103,1,0,0,0
p000075,5.28,3,6.50708,9.047494323,0.3,0,0,0,0,0,0,0,0,0,0,0.10226619,0,1,0,0,0,0,0,0,0.103,1,0,0,0
p000076,4.57,3,4.147,0,0,0,0,0,0,0,0,0,0,0,0,-0.233939394,0,0,0,0,0,0,1,0,-0.141,0,0,0,0
p000076,5.3,3,4.147,0,0,0,0,0,0,0,0,0,0,0,0,-0.233939394,0,0,0,0,0,0,1,0,-0.141,0,0,0,0
p000077,4.2,2,4.7088,0,0,0,1,1,0,0,0,0,0,0,0,-0.008591939,0,0,0,0,0,0,1,0,0.024,0,0,0,0
p000077,4.4,2,4.7088,0,0,0,1,1,0,0,0,0,0,0,0,-0.008591939,0,0,0,0,0,0,1,0,0.024,0,0,0,0
p000077,4.52,3,4.7088,0,0,0,1,1,0,0,0,0,0,0,0,-0.008591939,0,0,0,0,0,0,1,0,0.024,0,0,0,0
p000077,5.32,3,4.7088,0,0,0,1,1,0,0,0,0,0,0,0,-0.008591939,0,0,0,0,0,0,1,0,0.024,0,0,0,0
p000077,5.45,3,4.7088,0,0,0,1,1,0,0,0,0,0,0,0,-0.008591939,0,0,0,0,0,0,1,0,0.024,0,0,0,0
p000077,4.71,3,4.7088,0,0,0,1,1,0,0,0,0,0,0,0,-0.008591939,0,0,0,0,0,0,1,0,0.024,0,0,0,0
p000077,4.3,3,4.7088,0,0,0,1,1,0,0,0,0,0,0,0,-0.008591939,0,0,0,0,0,0,1,0,0.024,0,0,0,0
p000078,7.34,3,9.936,0,0,0,1,1,0,0,0,1,0,0,0,-0.185185185,1,1,0,0,0,0,1,0,-0.633,1,0,0,1
p000078,7.29,3,9.936,0,0,0,1,1,0,0,0,1,0,0,0,-0.185185185,1,1,0,0,0,0,1,0,-0.633,1,0,0,1
p000078,7.64,3,9.936,0,0,0,1,1,0,0,0,1,0,0,0,-0.185185185,1,1,0,0,0,0,1,0,-0.633,1,0,0,1
p000079,3.87,1,2.84266,4.523747162,0,0,1,1,0,0,0,0,0,1,0,0.051183459,0,0,0,0,0,0,0,0,-0.154,0,0,0,1
p000079,3.98,2,2.84266,4.523747162,0,0,1,1,0,0,0,0,0,1,0,0.051183459,0,0,0,0,0,0,0,0,-0.154,0,0,0,1
p000080,6.92,3,8.6292,0,0,0,1,1,0,0,0,1,0,0,0,-0.081568139,1,1,0,0,0,0,1,0,-0.508,1,0,0,1
p000080,6.86,3,8.6292,0,0,0,1,1,0,0,0,1,0,0,0,-0.081568139,1,1,0,0,0,0,1,0,-0.508,1,0,0,1
p000081,3.992,3,2.92386,0,0,0,0,0,0,0,0,0,0,0,0,0.226991758,0,0,0,0,0,0,1,0,0.079,0,1,0,0
p000081,3.598,3,2.92386,0,0,0,0,0,0,0,0,0,0,0,0,0.226991758,0,0,0,0,0,0,1,0,0.079,0,1,0,0
p000081,3.534,3,2.92386,0,0,0,0,0,0,0,0,0,0,0,0,0.226991758,0,0,0,0,0,0,1,0,0.079,0,1,0,0
p000081,3.63,3,2.92386,0,0,0,0,0,0,0,0,0,0,0,0,0.226991758,0,0,0,0,0,0,1,0,0.079,0,1,0,0
p000081,3.684,3,2.92386,0,0,0,0,0,0,0,0,0,0,0,0,0.226991758,0,0,0,0,0,0,1,0,0.079,0,1,0,0
p000082,4.59,3,4.02102,0,0,0,0,0,0,0,0,0,0,0,0,0.040625,0,0,0,0,0,0,1,0,0.055,0,0,0,0
p000083,6,2,4.60428,0,0.3,0,0,1,0,0,0,0,0,0,0,-0.023162048,1,1,0,0,0,0,1,1,-0.043,1,0,0,0
p000084,6.3,2,9.81338,9.473725908,0,0,1,1,0,0,0,0,0,0,0,-0.132476023,1,1,0,0,1,0,0,0,-0.066,1,0,0,1
p000084,7.93,3,9.81338,9.473725908,0,0,1,1,0,0,0,0,0,0,0,-0.132476023,1,1,0,0,1,0,0,0,-0.066,1,0,0,1
p000085,5.48,1,5.01997,4.736862954,0,1,1,1,0,0,0,0,0,0,1,-0.009439374,0,1,0,0,0,0,1,0,0.027,0,0,0,0
p000085,5.72,3,5.01997,4.736862954,0,1,1,1,0,0,0,0,0,0,1,-0.009439374,0,1,0,0,0,0,1,0,0.027,0,0,0,0
p000086,4.55,2,3.50579,5.428790392,0,0,0,1,0,0,0,0,0,0,0,-0.028422729,1,0,0,0,0,0,1,0,0.221,1,0,0,0
p000087,5.72,1,5.88907,0,0.3,0,1,1,0,0,0,1,0,0,1,-0.015710555,0,1,0,0,0,0,1,0,0.212,1,0,0,0
p000087,4.78,1,5.88907,0,0.3,0,1,1,0,0,0,1,0,0,1,-0.015710555,0,1,0,0,0,0,1,0,0.212,1,0,0,0
p000087,4.99,1,5.88907,0,0.3,0,1,1,0,0,0,1,0,0,1,-0.015710555,0,1,0,0,0,0,1,0,0.212,1,0,0,0
p000087,5.23,1,5.88907,0,0.3,0,1,1,0,0,0,1,0,0,1,-0.015710555,0,1,0,0,0,0,1,0,0.212,1,0,0,0
p000087,5.55,1,5.88907,0,0.3,0,1,1,0,0,0,1,0,0,1,-0.015710555,0,1,0,0,0,0,1,0,0.212,1,0,0,0
p000087,5.02,1,5.88907,0,0.3,0,1,1,0,0,0,1,0,0,1,-0.015710555,0,1,0,0,0,0,1,0,0.212,1,0,0,0
p000087,5.15,1,5.88907,0,0.3,0,1,1,0,0,0,1,0,0,1,-0.015710555,0,1,0,0,0,0,1,0,0.212,1,0,0,0
p000087,5.52,2,5.88907,0,0.3,0,1,1,0,0,0,1,0,0,1,-0.015710555,0,1,0,0,0,0,1,0,0.212,1,0,0,0
p000087,5.61,3,5.88907,0,0.3,0,1,1,0,0,0,1,0,0,1,-0.015710555,0,1,0,0,0,0,1,0,0.212,1,0,0,0
p000088,5.11,3,5.3622,0,0,0,1,1,0,0,0,0,0,0,0,-0.000182,0,0,0,0,0,1,1,0,0.06,0,0,0,0
p000088,4.72,3,5.3622,0,0,0,1,1,0,0,0,0,0,0,0,-0.000182,0,0,0,0,0,1,1,0,0.06,0,0,0,0
p000088,5.83,3,5.3622,0,0,0,1,1,0,0,0,0,0,0,0,-0.000182,0,0,0,0,0,1,1,0,0.06,0,0,0,0
p000088,5.67,3,5.3622,0,0,0,1,1,0,0,0,0,0,0,0,-0.000182,0,0,0,0,0,1,1,0,0.06,0,0,0,0
p000088,5.67,3,5.3622,0,0,0,1,1,0,0,0,0,0,0,0,-0.000182,0,0,0,0,0,1,1,0,0.06,0,0,0,0
p000089,4.362,2,4.21018,4.736862954,0,0,0,0,0,0,0,0,0,1,0,0.09915414,0,1,0,0,0,0,1,0,-0.132,0,0,0,1
p000091,5.6,2,8.50658,9.473725908,0.3,0,1,1,0,0,0,0,0,0,0,-0.059184739,1,1,0,0,1,0,0,0,0.175,1,0,0,1
p000092,5.02,1,4.584,0,0,0,0,0,0,0,0,0,0,0,0,-0.052083333,0,0,0,0,0,0,1,0,-0.158,0,0,0,0
p000092,4.8,1,4.584,0,0,0,0,0,0,0,0,0,0,0,0,-0.052083333,0,0,0,0,0,0,1,0,-0.158,0,0,0,0
p000092,4.41,1,4.584,0,0,0,0,0,0,0,0,0,0,0,0,-0.052083333,0,0,0,0,0,0,1,0,-0.158,0,0,0,0
p000092,4.35,1,4.584,0,0,0,0,0,0,0,0,0,0,0,0,-0.052083333,0,0,0,0,0,0,1,0,-0.158,0,0,0,0
p000092,4.23,1,4.584,0,0,0,0,0,0,0,0,0,0,0,0,-0.052083333,0,0,0,0,0,0,1,0,-0.158,0,0,0,0
p000092,4.21,1,4.584,0,0,0,0,0,0,0,0,0,0,0,0,-0.052083333,0,0,0,0,0,0,1,0,-0.158,0,0,0,0
p000092,4.01,1,4.584,0,0,0,0,0,0,0,0,0,0,0,0,-0.052083333,0,0,0,0,0,0,1,0,-0.158,0,0,0,0
p000092,5.53,1,4.584,0,0,0,0,0,0,0,0,0,0,0,0,-0.052083333,0,0,0,0,0,0,1,0,-0.158,0,0,0,0
p000092,5.03,1,4.584,0,0,0,0,0,0,0,0,0,0,0,0,-0.052083333,0,0,0,0,0,0,1,0,-0.158,0,0,0,0
p000092,4.76,1,4.584,0,0,0,0,0,0,0,0,0,0,0,0,-0.052083333,0,0,0,0,0,0,1,0,-0.158,0,0,0,0
p000092,4.59,1,4.584,0,0,0,0,0,0,0,0,0,0,0,0,-0.052083333,0,0,0,0,0,0,1,0,-0.158,0,0,0,0
p000092,4.79,1,4.584,0,0,0,0,0,0,0,0,0,0,0,0,-0.052083333,0,0,0,0,0,0,1,0,-0.158,0,0,0,0
p000092,4.26,1,4.584,0,0,0,0,0,0,0,0,0,0,0,0,-0.052083333,0,0,0,0,0,0,1,0,-0.158,0,0,0,0
p000092,5.041,1,4.584,0,0,0,0,0,0,0,0,0,0,0,0,-0.052083333,0,0,0,0,0,0,1,0,-0.158,0,0,0,0
p000092,4.903,1,4.584,0,0,0,0,0,0,0,0,0,0,0,0,-0.052083333,0,0,0,0,0,0,1,0,-0.158,0,0,0,0
p000092,4.9,1,4.584,0,0,0,0,0,0,0,0,0,0,0,0,-0.052083333,0,0,0,0,0,0,1,0,-0.158,0,0,0,0
p000092,3.993,1,4.584,0,0,0,0,0,0,0,0,0,0,0,0,-0.052083333,0,0,0,0,0,0,1,0,-0.158,0,0,0,0
p000092,4.195,1,4.584,0,0,0,0,0,0,0,0,0,0,0,0,-0.052083333,0,0,0,0,0,0,1,0,-0.158,0,0,0,0
p000092,4.412,1,4.584,0,0,0,0,0,0,0,0,0,0,0,0,-0.052083333,0,0,0,0,0,0,1,0,-0.158,0,0,0,0
p000092,4.213,1,4.584,0,0,0,0,0,0,0,0,0,0,0,0,-0.052083333,0,0,0,0,0,0,1,0,-0.158,0,0,0,0
p000092,4.025,1,4.584,0,0,0,0,0,0,0,0,0,0,0,0,-0.052083333,0,0,0,0,0,0,1,0,-0.158,0,0,0,0
p000092,3.961,1,4.584,0,0,0,0,0,0,0,0,0,0,0,0,-0.052083333,0,0,0,0,0,0,1,0,-0.158,0,0,0,0
p000092,4.128,1,4.584,0,0,0,0,0,0,0,0,0,0,0,0,-0.052083333,0,0,0,0,0,0,1,0,-0.158,0,0,0,0
p000092,4.106,1,4.584,0,0,0,0,0,0,0,0,0,0,0,0,-0.052083333,0,0,0,0,0,0,1,0,-0.158,0,0,0,0
p000092,3.737,1,4.584,0,0,0,0,0,0,0,0,0,0,0,0,-0.052083333,0,0,0,0,0,0,1,0,-0.158,0,0,0,0
p000092,3.73,1,4.584,0,0,0,0,0,0,0,0,0,0,0,0,-0.052083333,0,0,0,0,0,0,1,0,-0.158,0,0,0,0
p000092,4.271,1,4.584,0,0,0,0,0,0,0,0,0,0,0,0,-0.052083333,0,0,0,0,0,0,1,0,-0.158,0,0,0,0
p000092,4.188,1,4.584,0,0,0,0,0,0,0,0,0,0,0,0,-0.052083333,0,0,0,0,0,0,1,0,-0.158,0,0,0,0
p000092,4.357,1,4.584,0,0,0,0,0,0,0,0,0,0,0,0,-0.052083333,0,0,0,0,0,0,1,0,-0.158,0,0,0,0
p000092,4.24,1,4.584,0,0,0,0,0,0,0,0,0,0,0,0,-0.052083333,0,0,0,0,0,0,1,0,-0.158,0,0,0,0
p000092,4.036,1,4.584,0,0,0,0,0,0,0,0,0,0,0,0,-0.052083333,0,0,0,0,0,0,1,0,-0.158,0,0,0,0
p000092,4.108,1,4.584,0,0,0,0,0,0,0,0,0,0,0,0,-0.052083333,0,0,0,0,0,0,1,0,-0.158,0,0,0,0
p000092,4.129,1,4.584,0,0,0,0,0,0,0,0,0,0,0,0,-0.052083333,0,0,0,0,0,0,1,0,-0.158,0,0,0,0
p000092,4.93,1,4.584,0,0,0,0,0,0,0,0,0,0,0,0,-0.052083333,0,0,0,0,0,0,1,0,-0.158,0,0,0,0
p000092,4.87,1,4.584,0,0,0,0,0,0,0,0,0,0,0,0,-0.052083333,0,0,0,0,0,0,1,0,-0.158,0,0,0,0
p000092,4.477,1,4.584,0,0,0,0,0,0,0,0,0,0,0,0,-0.052083333,0,0,0,0,0,0,1,0,-0.158,0,0,0,0
p000092,4.249,1,4.584,0,0,0,0,0,0,0,0,0,0,0,0,-0.052083333,0,0,0,0,0,0,1,0,-0.158,0,0,0,0
p000092,4.61,1,4.584,0,0,0,0,0,0,0,0,0,0,0,0,-0.052083333,0,0,0,0,0,0,1,0,-0.158,0,0,0,0
p000092,4.544,1,4.584,0,0,0,0,0,0,0,0,0,0,0,0,-0.052083333,0,0,0,0,0,0,1,0,-0.158,0,0,0,0
p000092,4.699,1,4.584,0,0,0,0,0,0,0,0,0,0,0,0,-0.052083333,0,0,0,0,0,0,1,0,-0.158,0,0,0,0
p000092,4.462,1,4.584,0,0,0,0,0,0,0,0,0,0,0,0,-0.052083333,0,0,0,0,0,0,1,0,-0.158,0,0,0,0
p000092,4.806,1,4.584,0,0,0,0,0,0,0,0,0,0,0,0,-0.052083333,0,0,0,0,0,0,1,0,-0.158,0,0,0,0
p000092,4.602,1,4.584,0,0,0,0,0,0,0,0,0,0,0,0,-0.052083333,0,0,0,0,0,0,1,0,-0.158,0,0,0,0
p000092,4.74,1,4.584,0,0,0,0,0,0,0,0,0,0,0,0,-0.052083333,0,0,0,0,0,0,1,0,-0.158,0,0,0,0
p000092,4.367,1,4.584,0,0,0,0,0,0,0,0,0,0,0,0,-0.052083333,0,0,0,0,0,0,1,0,-0.158,0,0,0,0
p000092,4.845,1,4.584,0,0,0,0,0,0,0,0,0,0,0,0,-0.052083333,0,0,0,0,0,0,1,0,-0.158,0,0,0,0
p000092,4.602,1,4.584,0,0,0,0,0,0,0,0,0,0,0,0,-0.052083333,0,0,0,0,0,0,1,0,-0.158,0,0,0,0
p000092,5.079,1,4.584,0,0,0,0,0,0,0,0,0,0,0,0,-0.052083333,0,0,0,0,0,0,1,0,-0.158,0,0,0,0
p000092,5,1,4.584,0,0,0,0,0,0,0,0,0,0,0,0,-0.052083333,0,0,0,0,0,0,1,0,-0.158,0,0,0,0
p000092,5.017,1,4.584,0,0,0,0,0,0,0,0,0,0,0,0,-0.052083333,0,0,0,0,0,0,1,0,-0.158,0,0,0,0
p000092,3.886,1,4.584,0,0,0,0,0,0,0,0,0,0,0,0,-0.052083333,0,0,0,0,0,0,1,0,-0.158,0,0,0,0
p000092,5.12,2,4.584,0,0,0,0,0,0,0,0,0,0,0,0,-0.052083333,0,0,0,0,0,0,1,0,-0.158,0,0,0,0
p000092,4.77,2,4.584,0,0,0,0,0,0,0,0,0,0,0,0,-0.052083333,0,0,0,0,0,0,1,0,-0.158,0,0,0,0
p000092,4.7,2,4.584,0,0,0,0,0,0,0,0,0,0,0,0,-0.052083333,0,0,0,0,0,0,1,0,-0.158,0,0,0,0
p000092,4.47,2,4.584,0,0,0,0,0,0,0,0,0,0,0,0,-0.052083333,0,0,0,0,0,0,1,0,-0.158,0,0,0,0
p000092,4.83,2,4.584,0,0,0,0,0,0,0,0,0,0,0,0,-0.052083333,0,0,0,0,0,0,1,0,-0.158,0,0,0,0
p000092,4.863,2,4.584,0,0,0,0,0,0,0,0,0,0,0,0,-0.052083333,0,0,0,0,0,0,1,0,-0.158,0,0,0,0
p000092,4.638,2,4.584,0,0,0,0,0,0,0,0,0,0,0,0,-0.052083333,0,0,0,0,0,0,1,0,-0.158,0,0,0,0
p000092,4.121,2,4.584,0,0,0,0,0,0,0,0,0,0,0,0,-0.052083333,0,0,0,0,0,0,1,0,-0.158,0,0,0,0
p000092,3.628,2,4.584,0,0,0,0,0,0,0,0,0,0,0,0,-0.052083333,0,0,0,0,0,0,1,0,-0.158,0,0,0,0
p000092,3.913,2,4.584,0,0,0,0,0,0,0,0,0,0,0,0,-0.052083333,0,0,0,0,0,0,1,0,-0.158,0,0,0,0
p000092,3.925,2,4.584,0,0,0,0,0,0,0,0,0,0,0,0,-0.052083333,0,0,0,0,0,0,1,0,-0.158,0,0,0,0
p000092,3.804,2,4.584,0,0,0,0,0,0,0,0,0,0,0,0,-0.052083333,0,0,0,0,0,0,1,0,-0.158,0,0,0,0
p000092,3.242,2,4.584,0,0,0,0,0,0,0,0,0,0,0,0,-0.052083333,0,0,0,0,0,0,1,0,-0.158,0,0,0,0
p000092,4,2,4.584,0,0,0,0,0,0,0,0,0,0,0,0,-0.052083333,0,0,0,0,0,0,1,0,-0.158,0,0,0,0
p000092,4.204,2,4.584,0,0,0,0,0,0,0,0,0,0,0,0,-0.052083333,0,0,0,0,0,0,1,0,-0.158,0,0,0,0
p000092,4.094,2,4.584,0,0,0,0,0,0,0,0,0,0,0,0,-0.052083333,0,0,0,0,0,0,1,0,-0.158,0,0,0,0
p000092,3.878,2,4.584,0,0,0,0,0,0,0,0,0,0,0,0,-0.052083333,0,0,0,0,0,0,1,0,-0.158,0,0,0,0
p000092,3.86,2,4.584,0,0,0,0,0,0,0,0,0,0,0,0,-0.052083333,0,0,0,0,0,0,1,0,-0.158,0,0,0,0
p000092,5.43,2,4.584,0,0,0,0,0,0,0,0,0,0,0,0,-0.052083333,0,0,0,0,0,0,1,0,-0.158,0,0,0,0
p000092,4.633,2,4.584,0,0,0,0,0,0,0,0,0,0,0,0,-0.052083333,0,0,0,0,0,0,1,0,-0.158,0,0,0,0
p000092,5.69,2,4.584,0,0,0,0,0,0,0,0,0,0,0,0,-0.052083333,0,0,0,0,0,0,1,0,-0.158,0,0,0,0
p000092,5.248,2,4.584,0,0,0,0,0,0,0,0,0,0,0,0,-0.052083333,0,0,0,0,0,0,1,0,-0.158,0,0,0,0
p000092,5.23,2,4.584,0,0,0,0,0,0,0,0,0,0,0,0,-0.052083333,0,0,0,0,0,0,1,0,-0.158,0,0,0,0
p000092,5.079,2,4.584,0,0,0,0,0,0,0,0,0,0,0,0,-0.052083333,0,0,0,0,0,0,1,0,-0.158,0,0,0,0
p000092,5.097,2,4.584,0,0,0,0,0,0,0,0,0,0,0,0,-0.052083333,0,0,0,0,0,0,1,0,-0.158,0,0,0,0
p000092,4.944,2,4.584,0,0,0,0,0,0,0,0,0,0,0,0,-0.052083333,0,0,0,0,0,0,1,0,-0.158,0,0,0,0
p000092,5.207,2,4.584,0,0,0,0,0,0,0,0,0,0,0,0,-0.052083333,0,0,0,0,0,0,1,0,-0.158,0,0,0,0
p000092,5.505,2,4.584,0,0,0,0,0,0,0,0,0,0,0,0,-0.052083333,0,0,0,0,0,0,1,0,-0.158,0,0,0,0
p000092,5.38,2,4.584,0,0,0,0,0,0,0,0,0,0,0,0,-0.052083333,0,0,0,0,0,0,1,0,-0.158,0,0,0,0
p000092,5.079,2,4.584,0,0,0,0,0,0,0,0,0,0,0,0,-0.052083333,0,0,0,0,0,0,1,0,-0.158,0,0,0,0
p000092,5.146,2,4.584,0,0,0,0,0,0,0,0,0,0,0,0,-0.052083333,0,0,0,0,0,0,1,0,-0.158,0,0,0,0
p000092,4.903,2,4.584,0,0,0,0,0,0,0,0,0,0,0,0,-0.052083333,0,0,0,0,0,0,1,0,-0.158,0,0,0,0
p000092,4.845,2,4.584,0,0,0,0,0,0,0,0,0,0,0,0,-0.052083333,0,0,0,0,0,0,1,0,-0.158,0,0,0,0
p000092,5.23,2,4.584,0,0,0,0,0,0,0,0,0,0,0,0,-0.052083333,0,0,0,0,0,0,1,0,-0.158,0,0,0,0
p000092,5.146,2,4.584,0,0,0,0,0,0,0,0,0,0,0,0,-0.052083333,0,0,0,0,0,0,1,0,-0.158,0,0,0,0
p000092,5,2,4.584,0,0,0,0,0,0,0,0,0,0,0,0,-0.052083333,0,0,0,0,0,0,1,0,-0.158,0,0,0,0
p000092,5,2,4.584,0,0,0,0,0,0,0,0,0,0,0,0,-0.052083333,0,0,0,0,0,0,1,0,-0.158,0,0,0,0
p000092,5.114,2,4.584,0,0,0,0,0,0,0,0,0,0,0,0,-0.052083333,0,0,0,0,0,0,1,0,-0.158,0,0,0,0
p000092,5.079,2,4.584,0,0,0,0,0,0,0,0,0,0,0,0,-0.052083333,0,0,0,0,0,0,1,0,-0.158,0,0,0,0
p000092,4.845,2,4.584,0,0,0,0,0,0,0,0,0,0,0,0,-0.052083333,0,0,0,0,0,0,1,0,-0.158,0,0,0,0
p000092,5.146,2,4.584,0,0,0,0,0,0,0,0,0,0,0,0,-0.052083333,0,0,0,0,0,0,1,0,-0.158,0,0,0,0
p000092,5.255,2,4.584,0,0,0,0,0,0,0,0,0,0,0,0,-0.052083333,0,0,0,0,0,0,1,0,-0.158,0,0,0,0
p000092,5.342,2,4.584,0,0,0,0,0,0,0,0,0,0,0,0,-0.052083333,0,0,0,0,0,0,1,0,-0.158,0,0,0,0
p000092,5.38,2,4.584,0,0,0,0,0,0,0,0,0,0,0,0,-0.052083333,0,0,0,0,0,0,1,0,-0.158,0,0,0,0
p000092,5,2,4.584,0,0,0,0,0,0,0,0,0,0,0,0,-0.052083333,0,0,0,0,0,0,1,0,-0.158,0,0,0,0
p000092,4.74,2,4.584,0,0,0,0,0,0,0,0,0,0,0,0,-0.052083333,0,0,0,0,0,0,1,0,-0.158,0,0,0,0
p000092,4.82,2,4.584,0,0,0,0,0,0,0,0,0,0,0,0,-0.052083333,0,0,0,0,0,0,1,0,-0.158,0,0,0,0
p000092,4.732,2,4.584,0,0,0,0,0,0,0,0,0,0,0,0,-0.052083333,0,0,0,0,0,0,1,0,-0.158,0,0,0,0
p000092,4.114,2,4.584,0,0,0,0,0,0,0,0,0,0,0,0,-0.052083333,0,0,0,0,0,0,1,0,-0.158,0,0,0,0
p000092,4.699,2,4.584,0,0,0,0,0,0,0,0,0,0,0,0,-0.052083333,0,0,0,0,0,0,1,0,-0.158,0,0,0,0
p000092,5.041,2,4.584,0,0,0,0,0,0,0,0,0,0,0,0,-0.052083333,0,0,0,0,0,0,1,0,-0.158,0,0,0,0
p000092,3.61,2,4.584,0,0,0,0,0,0,0,0,0,0,0,0,-0.052083333,0,0,0,0,0,0,1,0,-0.158,0,0,0,0
p000092,4.85,2,4.584,0,0,0,0,0,0,0,0,0,0,0,0,-0.052083333,0,0,0,0,0,0,1,0,-0.158,0,0,0,0
p000092,5.01,2,4.584,0,0,0,0,0,0,0,0,0,0,0,0,-0.052083333,0,0,0,0,0,0,1,0,-0.158,0,0,0,0
p000092,4.7,3,4.584,0,0,0,0,0,0,0,0,0,0,0,0,-0.052083333,0,0,0,0,0,0,1,0,-0.158,0,0,0,0
p000092,5.55,3,4.584,0,0,0,0,0,0,0,0,0,0,0,0,-0.052083333,0,0,0,0,0,0,1,0,-0.158,0,0,0,0
p000092,5.15,3,4.584,0,0,0,0,0,0,0,0,0,0,0,0,-0.052083333,0,0,0,0,0,0,1,0,-0.158,0,0,0,0
p000092,5.51,3,4.584,0,0,0,0,0,0,0,0,0,0,0,0,-0.052083333,0,0,0,0,0,0,1,0,-0.158,0,0,0,0
p000092,4.96,3,4.584,0,0,0,0,0,0,0,0,0,0,0,0,-0.052083333,0,0,0,0,0,0,1,0,-0.158,0,0,0,0
p000092,4.95,3,4.584,0,0,0,0,0,0,0,0,0,0,0,0,-0.052083333,0,0,0,0,0,0,1,0,-0.158,0,0,0,0
p000092,4.93,3,4.584,0,0,0,0,0,0,0,0,0,0,0,0,-0.052083333,0,0,0,0,0,0,1,0,-0.158,0,0,0,0
p000092,4.293,3,4.584,0,0,0,0,0,0,0,0,0,0,0,0,-0.052083333,0,0,0,0,0,0,1,0,-0.158,0,0,0,0
p000092,4.666,3,4.584,0,0,0,0,0,0,0,0,0,0,0,0,-0.052083333,0,0,0,0,0,0,1,0,-0.158,0,0,0,0
p000092,5.23,3,4.584,0,0,0,0,0,0,0,0,0,0,0,0,-0.052083333,0,0,0,0,0,0,1,0,-0.158,0,0,0,0
p000092,5.54,3,4.584,0,0,0,0,0,0,0,0,0,0,0,0,-0.052083333,0,0,0,0,0,0,1,0,-0.158,0,0,0,0
p000092,4.817,3,4.584,0,0,0,0,0,0,0,0,0,0,0,0,-0.052083333,0,0,0,0,0,0,1,0,-0.158,0,0,0,0
p000092,5.54,3,4.584,0,0,0,0,0,0,0,0,0,0,0,0,-0.052083333,0,0,0,0,0,0,1,0,-0.158,0,0,0,0
p000092,5.53,3,4.584,0,0,0,0,0,0,0,0,0,0,0,0,-0.052083333,0,0,0,0,0,0,1,0,-0.158,0,0,0,0
p000092,4.983,3,4.584,0,0,0,0,0,0,0,0,0,0,0,0,-0.052083333,0,0,0,0,0,0,1,0,-0.158,0,0,0,0
p000092,4.833,3,4.584,0,0,0,0,0,0,0,0,0,0,0,0,-0.052083333,0,0,0,0,0,0,1,0,-0.158,0,0,0,0
p000092,5.134,3,4.584,0,0,0,0,0,0,0,0,0,0,0,0,-0.052083333,0,0,0,0,0,0,1,0,-0.158,0,0,0,0
p000092,5.057,3,4.584,0,0,0,0,0,0,0,0,0,0,0,0,-0.052083333,0,0,0,0,0,0,1,0,-0.158,0,0,0,0
p000092,5.017,3,4.584,0,0,0,0,0,0,0,0,0,0,0,0,-0.052083333,0,0,0,0,0,0,1,0,-0.158,0,0,0,0
p000092,5.079,3,4.584,0,0,0,0,0,0,0,0,0,0,0,0,-0.052083333,0,0,0,0,0,0,1,0,-0.158,0,0,0,0
p000092,5.362,3,4.584,0,0,0,0,0,0,0,0,0,0,0,0,-0.052083333,0,0,0,0,0,0,1,0,-0.158,0,0,0,0
p000092,5.28,4,4.584,0,0,0,0,0,0,0,0,0,0,0,0,-0.052083333,0,0,0,0,0,0,1,0,-0.158,0,0,0,0
p000092,2.78,4,4.584,0,0,0,0,0,0,0,0,0,0,0,0,-0.052083333,0,0,0,0,0,0,1,0,-0.158,0,0,0,0
p000093,6.28,3,6.669,0,0,0,1,1,0,0,0,0,0,0,0,-0.012294605,0,0,0,0,0,1,1,0,0.319,0,0,0,0
p000093,5.97,3,6.669,0,0,0,1,1,0,0,0,0,0,0,0,-0.012294605,0,0,0,0,0,1,1,0,0.319,0,0,0,0
p000093,6.7,3,6.669,0,0,0,1,1,0,0,0,0,0,0,0,-0.012294605,0,0,0,0,0,1,1,0,0.319,0,0,0,0
p000094,6.35,1,7.79219,4.736862954,0.3,0,0,0,0,0,0,0,0,0,0,-0.04698184,0,0,0,0,0,0,1,0,1.317,0,0,0,0
p000094,5.98,1,7.79219,4.736862954,0.3,0,0,0,0,0,0,0,0,0,0,-0.04698184,0,0,0,0,0,0,1,0,1.317,0,0,0,0
p000094,6.31,1,7.79219,4.736862954,0.3,0,0,0,0,0,0,0,0,0,0,-0.04698184,0,0,0,0,0,0,1,0,1.317,0,0,0,0
p000094,5.1,1,7.79219,4.736862954,0.3,0,0,0,0,0,0,0,0,0,0,-0.04698184,0,0,0,0,0,0,1,0,1.317,0,0,0,0
p000094,5.58,1,7.79219,4.736862954,0.3,0,0,0,0,0,0,0,0,0,0,-0.04698184,0,0,0,0,0,0,1,0,1.317,0,0,0,0
p000094,6.3,1,7.79219,4.736862954,0.3,0,0,0,0,0,0,0,0,0,0,-0.04698184,0,0,0,0,0,0,1,0,1.317,0,0,0,0
p000094,6.32,1,7.79219,4.736862954,0.3,0,0,0,0,0,0,0,0,0,0,-0.04698184,0,0,0,0,0,0,1,0,1.317,0,0,0,0
p000094,6.61,3,7.79219,4.736862954,0.3,0,0,0,0,0,0,0,0,0,0,-0.04698184,0,0,0,0,0,0,1,0,1.317,0,0,0,0
p000095,5.94,3,6.0156,0,0,0,1,1,0,0,0,0,0,0,0,-0.002690122,0,0,0,0,0,0,1,0,0.202,0,0,0,0
p000095,5.97,3,6.0156,0,0,0,1,1,0,0,0,0,0,0,0,-0.002690122,0,0,0,0,0,0,1,0,0.202,0,0,0,0
p000096,5.37,1,7.3224,0,0,0,1,1,0,0,0,0,0,0,0,-0.028097341,0,0,0,0,0,0,1,0,0.315,0,0,0,0
p000096,5.5,1,7.3224,0,0,0,1,1,0,0,0,0,0,0,0,-0.028097341,0,0,0,0,0,0,1,0,0.315,0,0,0,0
p000097,4.56,1,6.0156,0,0,0,1,1,0,0,0,1,0,0,0,-0.002690122,0,0,0,0,0,0,1,0,0.13,0,0,0,1
p000097,4.09,1,6.0156,0,0,0,1,1,0,0,0,1,0,0,0,-0.002690122,0,0,0,0,0,0,1,0,0.13,0,0,0,1
p000097,4.36,1,6.0156,0,0,0,1,1,0,0,0,1,0,0,0,-0.002690122,0,0,0,0,0,0,1,0,0.13,0,0,0,1
p000098,4.76,3,4.7088,0,0,0,1,1,0,0,0,0,0,0,0,-0.008591939,0,0,0,0,0,0,1,0,0.114,0,0,0,0
p000099,6.33,3,7.3224,0,0,0,1,1,0,0,0,0,0,0,0,-0.028097341,0,0,0,0,0,0,1,0,-0.235,0,0,0,0
p000099,6.06,3,7.3224,0,0,0,1,1,0,0,0,0,0,0,0,-0.028097341,0,0,0,0,0,0,1,0,-0.235,0,0,0,0
p000099,6.88,3,7.3224,0,0,0,1,1,0,0,0,0,0,0,0,-0.028097341,0,0,0,0,0,0,1,0,-0.235,0,0,0,0
p000100,4.7,2,7.3224,0,0,0,1,1,0,0,0,0,1,0,0,-0.028097341,0,0,0,0,0,0,1,0,0.17,0,0,0,1
p000100,4.8,2,7.3224,0,0,0,1,1,0,0,0,0,1,0,0,-0.028097341,0,0,0,0,0,0,1,0,0.17,0,0,0,1
p000100,7.02,3,7.3224,0,0,0,1,1,0,0,0,0,1,0,0,-0.028097341,0,0,0,0,0,0,1,0,0.17,0,0,0,1
p000100,4.6,3,7.3224,0,0,0,1,1,0,0,0,0,1,0,0,-0.028097341,0,0,0,0,0,0,1,0,0.17,0,0,0,1
p000101,6.67,3,7.9758,0,0,0,1,1,0,0,0,0,0,0,0,-0.050614915,1,0,0,0,0,0,1,0,0.383,1,0,0,1
p000101,7.12,3,7.9758,0,0,0,1,1,0,0,0,0,0,0,0,-0.050614915,1,0,0,0,0,0,1,0,0.383,1,0,0,1
p000101,6.86,3,7.9758,0,0,0,1,1,0,0,0,0,0,0,0,-0.050614915,1,0,0,0,0,0,1,0,0.383,1,0,0,1
p000101,6.88,3,7.9758,0,0,0,1,1,0,0,0,0,0,0,0,-0.050614915,1,0,0,0,0,0,1,0,0.383,1,0,0,1
p000102,5.28,3,6.0156,0,0,0,1,1,0,0,0,0,0,0,0,-0.002690122,0,0,0,0,0,0,1,0,-0.304,0,0,0,0
p000102,5.13,3,6.0156,0,0,0,1,1,0,0,0,0,0,0,0,-0.002690122,0,0,0,0,0,0,1,0,-0.304,0,0,0,0
p000102,6.05,3,6.0156,0,0,0,1,1,0,0,0,0,0,0,0,-0.002690122,0,0,0,0,0,0,1,0,-0.304,0,0,0,0
p000102,5.64,3,6.0156,0,0,0,1,1,0,0,0,0,0,0,0,-0.002690122,0,0,0,0,0,0,1,0,-0.304,0,0,0,0
p000102,5.77,3,6.0156,0,0,0,1,1,0,0,0,0,0,0,0,-0.002690122,0,0,0,0,0,0,1,0,-0.304,0,0,0,0
p000103,7.31,3,8.6292,0,0,0,1,1,0,0,0,0,0,0,0,-0.081568139,1,1,0,0,0,0,1,0,0.472,1,0,0,1
p000103,7.28,3,8.6292,0,0,0,1,1,0,0,0,0,0,0,0,-0.081568139,1,1,0,0,0,0,1,0,0.472,1,0,0,1
p000104,6,2,9.15998,9.473725908,0.3,0,1,1,0,0,0,0,0,0,0,-0.089991616,1,1,0,0,1,0,0,0,0.092,1,0,0,1
p000104,7.55,3,9.15998,9.473725908,0.3,0,1,1,0,0,0,0,0,0,0,-0.089991616,1,1,0,0,1,0,0,0,0.092,1,0,0,1
p000105,4.8,3,5.3622,0,0,0,1,1,0,0,0,0,0,0,0,-0.000182,0,0,0,0,0,0,1,0,-0.13,0,0,0,0
p000106,5.34,3,5.3622,0,0,0,1,1,0,0,0,0,0,0,1,-0.000182,0,0,0,0,0,0,1,0,0.159,0,0,0,0
p000107,5.87,3,6.669,0,0,0,1,1,0,0,0,0,0,0,0,-0.012294605,0,0,0,0,0,0,1,0,-0.265,0,0,0,0
p000107,6.51,3,6.669,0,0,0,1,1,0,0,0,0,0,0,0,-0.012294605,0,0,0,0,0,0,1,0,-0.265,0,0,0,0
p000107,6.18,3,6.669,0,0,0,1,1,0,0,0,0,0,0,0,-0.012294605,0,0,0,0,0,0,1,0,-0.265,0,0,0,0
p000107,6.22,3,6.669,0,0,0,1,1,0,0,0,0,0,0,0,-0.012294605,0,0,0,0,0,0,1,0,-0.265,0,0,0,0
p000108,6.79,3,7.9758,0,0,0,1,1,0,0,0,1,0,0,0,-0.050614915,1,0,0,0,0,0,1,0,-0.176,1,0,0,1
p000108,6.8,3,7.9758,0,0,0,1,1,0,0,0,1,0,0,0,-0.050614915,1,0,0,0,0,0,1,0,-0.176,1,0,0,1
p000109,6,2,8.08589,0,0,0,1,1,0,0,0,1,0,0,0,-0.06858512,1,1,0,0,1,0,1,0,0.616,1,0,0,0
p000110,6.2,2,8.73929,0,0,0,1,1,0,0,0,1,0,0,0,-0.104051985,1,1,0,0,1,0,1,0,0.312,1,0,0,0
p000110,8.2,3,8.73929,0,0,0,1,1,0,0,0,1,0,0,0,-0.104051985,1,1,0,0,1,0,1,0,0.312,1,0,0,0
p000111,6.6,2,8.50658,9.473725908,0.3,0,1,1,0,0,0,0,0,0,0,-0.059184739,1,1,1,1,1,0,0,0,-0.277,1,0,0,1
p000112,7.13,3,7.9758,0,0,0,1,1,0,0,0,0,0,0,0,-0.050614915,1,0,0,0,0,0,1,0,0.253,1,0,0,1
p000112,7.13,3,7.9758,0,0,0,1,1,0,0,0,0,0,0,0,-0.050614915,1,0,0,0,0,0,1,0,0.253,1,0,0,1
p000113,6.93,3,8.6292,0,0,0,1,1,0,0,0,1,0,0,0,-0.081568139,1,1,0,0,0,0,1,0,-0.422,1,0,0,1
p000113,7.03,3,8.6292,0,0,0,1,1,0,0,0,1,0,0,0,-0.081568139,1,1,0,0,0,0,1,0,-0.422,1,0,0,1
p000114,6.94,3,9.2826,0,0,0,1,1,0,0,0,1,0,0,0,-0.124320132,1,1,0,0,0,0,1,0,-0.352,1,0,0,1
p000114,6.93,3,9.2826,0,0,0,1,1,0,0,0,1,0,0,0,-0.124320132,1,1,0,0,0,0,1,0,-0.352,1,0,0,1
p000114,7.5,3,9.2826,0,0,0,1,1,0,0,0,1,0,0,0,-0.124320132,1,1,0,0,0,0,1,0,-0.352,1,0,0,1
p000115,4.9,2,7.85318,9.473725908,0.3,0,1,1,0,0,0,0,1,0,0,-0.036159056,1,1,0,0,1,0,0,0,0.317,1,0,0,1
p000115,6.84,3,7.85318,9.473725908,0.3,0,1,1,0,0,0,0,1,0,0,-0.036159056,1,1,0,0,1,0,0,0,0.317,1,0,0,1
p000116,6.99,3,7.9758,0,0,0,1,1,0,0,0,1,0,0,0,-0.050614915,1,0,0,0,0,0,1,0,-0.138,1,0,1,1
p000116,6.91,3,7.9758,0,0,0,1,1,0,0,0,1,0,0,0,-0.050614915,1,0,0,0,0,0,1,0,-0.138,1,0,1,1
p000117,5.64,3,6.0156,0,0,0,1,1,0,0,0,0,0,0,0,-0.002690122,0,0,0,0,0,1,1,0,0.175,0,0,0,0
p000118,6.91,3,8.6292,0,0,0,1,1,0,0,0,1,0,0,0,-0.081568139,1,1,0,0,0,0,1,0,-0.266,1,0,0,1
p000118,6.91,3,8.6292,0,0,0,1,1,0,0,0,1,0,0,0,-0.081568139,1,1,0,0,0,0,1,0,-0.266,1,0,0,1
p000119,5.51,1,6.43467,4.736862954,0.3,0,1,1,0,0,0,0,0,0,1,0.165035554,0,1,0,0,0,0,0,0,0.057,1,0,0,0
p000119,5.6,1,6.43467,4.736862954,0.3,0,1,1,0,0,0,0,0,0,1,0.165035554,0,1,0,0,0,0,0,0,0.057,1,0,0,0
p000119,4.204,1,6.43467,4.736862954,0.3,0,1,1,0,0,0,0,0,0,1,0.165035554,0,1,0,0,0,0,0,0,0.057,1,0,0,0
p000119,4.58,1,6.43467,4.736862954,0.3,0,1,1,0,0,0,0,0,0,1,0.165035554,0,1,0,0,0,0,0,0,0.057,1,0,0,0
p000119,4.898,1,6.43467,4.736862954,0.3,0,1,1,0,0,0,0,0,0,1,0.165035554,0,1,0,0,0,0,0,0,0.057,1,0,0,0
p000119,5.62,2,6.43467,4.736862954,0.3,0,1,1,0,0,0,0,0,0,1,0.165035554,0,1,0,0,0,0,0,0,0.057,1,0,0,0
p000120,5.845,1,6.43467,4.736862954,0.3,0,1,1,0,0,0,0,0,0,1,0.165035554,0,1,0,0,0,0,0,0,-0.311,1,0,0,0
p000120,5.732,1,6.43467,4.736862954,0.3,0,1,1,0,0,0,0,0,0,1,0.165035554,0,1,0,0,0,0,0,0,-0.311,1,0,0,0
p000120,5.38,1,6.43467,4.736862954,0.3,0,1,1,0,0,0,0,0,0,1,0.165035554,0,1,0,0,0,0,0,0,-0.311,1,0,0,0
p000120,4.903,1,6.43467,4.736862954,0.3,0,1,1,0,0,0,0,0,0,1,0.165035554,0,1,0,0,0,0,0,0,-0.311,1,0,0,0
p000120,5.613,1,6.43467,4.736862954,0.3,0,1,1,0,0,0,0,0,0,1,0.165035554,0,1,0,0,0,0,0,0,-0.311,1,0,0,0
p000120,5.813,1,6.43467,4.736862954,0.3,0,1,1,0,0,0,0,0,0,1,0.165035554,0,1,0,0,0,0,0,0,-0.311,1,0,0,0
p000120,5.255,1,6.43467,4.736862954,0.3,0,1,1,0,0,0,0,0,0,1,0.165035554,0,1,0,0,0,0,0,0,-0.311,1,0,0,0
p000120,5.531,1,6.43467,4.736862954,0.3,0,1,1,0,0,0,0,0,0,1,0.165035554,0,1,0,0,0,0,0,0,-0.311,1,0,0,0
p000120,4.839,2,6.43467,4.736862954,0.3,0,1,1,0,0,0,0,0,0,1,0.165035554,0,1,0,0,0,0,0,0,-0.311,1,0,0,0
p000121,6.8,3,7.9758,0,0,0,1,1,0,0,0,1,0,0,0,-0.050614915,1,0,0,0,0,0,1,0,-0.118,1,0,0,1
p000121,6.79,3,7.9758,0,0,0,1,1,0,0,0,1,0,0,0,-0.050614915,1,0,0,0,0,0,1,0,-0.118,1,0,0,1
p000122,6.86,3,7.9758,0,0,0,1,1,0,0,0,1,0,0,0,-0.050614915,1,0,0,0,0,0,1,0,0.059,1,0,0,1
p000122,6.86,3,7.9758,0,0,0,1,1,0,0,0,1,0,0,0,-0.050614915,1,0,0,0,0,0,1,0,0.059,1,0,0,1
p000123,6.87,3,7.9758,0,0,0,1,1,0,0,0,1,1,0,0,-0.050614915,1,0,0,0,0,0,1,0,-0.326,1,0,0,1
p000123,6.88,3,7.9758,0,0,0,1,1,0,0,0,1,1,0,0,-0.050614915,1,0,0,0,0,0,1,0,-0.326,1,0,0,1
p000124,6.81,3,3.71512, NA, NA, NA, NA, NA,0, NA,1, NA, NA, NA, NA,-0.081568139, NA, NA, NA, NA, NA, NA,1, NA, NA, NA, NA, NA, NA
p000124,6.85,3,3.71512, NA, NA, NA, NA, NA,0, NA,1, NA, NA, NA, NA,-0.081568139, NA, NA, NA, NA, NA, NA,1, NA, NA, NA, NA, NA, NA
p000125,6.62,3,8.6292,0,0,0,1,1,0,0,0,1,0,0,0,-0.081568139,1,1,0,0,0,0,1,0,-0.305,1,0,0,1
p000126,6.81,3,9.2826,0,0,0,1,1,0,0,0,1,0,0,0,-0.124320132,1,1,0,0,0,0,1,0,-0.419,1,0,0,1
p000126,6.86,3,9.2826,0,0,0,1,1,0,0,0,1,0,0,0,-0.124320132,1,1,0,0,0,0,1,0,-0.419,1,0,0,1
p000127,6.84,3,7.9758,0,0,0,1,1,0,0,0,1,0,0,0,-0.050614915,1,0,0,0,0,0,1,0,-0.47,1,0,0,1
p000127,6.84,3,7.9758,0,0,0,1,1,0,0,0,1,0,0,0,-0.050614915,1,0,0,0,0,0,1,0,-0.47,1,0,0,1
p000128,6.627,1,6.64227,4.736862954,0.3,0,1,1,0,0,0,0,0,0,0,0.261698906,1,1,0,0,0,0,1,0,0.575,1,0,0,0
p000128,6.501,1,6.64227,4.736862954,0.3,0,1,1,0,0,0,0,0,0,0,0.261698906,1,1,0,0,0,0,1,0,0.575,1,0,0,0
p000128,5.556,1,6.64227,4.736862954,0.3,0,1,1,0,0,0,0,0,0,0,0.261698906,1,1,0,0,0,0,1,0,0.575,1,0,0,0
p000128,5.079,1,6.64227,4.736862954,0.3,0,1,1,0,0,0,0,0,0,0,0.261698906,1,1,0,0,0,0,1,0,0.575,1,0,0,0
p000128,5.716,1,6.64227,4.736862954,0.3,0,1,1,0,0,0,0,0,0,0,0.261698906,1,1,0,0,0,0,1,0,0.575,1,0,0,0
p000128,5.16,1,6.64227,4.736862954,0.3,0,1,1,0,0,0,0,0,0,0,0.261698906,1,1,0,0,0,0,1,0,0.575,1,0,0,0
p000128,5.21,1,6.64227,4.736862954,0.3,0,1,1,0,0,0,0,0,0,0,0.261698906,1,1,0,0,0,0,1,0,0.575,1,0,0,0
p000128,5.23,2,6.64227,4.736862954,0.3,0,1,1,0,0,0,0,0,0,0,0.261698906,1,1,0,0,0,0,1,0,0.575,1,0,0,0
p000129,5.8,2,8.08589,0,0,0,1,1,0,0,0,1,0,0,0,-0.06858512,1,1,0,0,1,0,1,0,0.098,1,0,0,0
p000130,5.9,2,8.50658,9.473725908,0.3,0,1,1,0,0,0,0,0,0,0,-0.059184739,1,1,0,0,1,0,0,0,0.317,1,0,0,1
p000131,5.6,2,8.50658,9.473725908,0.3,0,1,1,0,0,0,0,0,0,0,-0.059184739,1,1,0,0,1,0,0,0,0.045,1,0,0,1
p000132,6.7,2,8.50658,9.473725908,0.3,0,1,1,0,0,0,0,0,0,0,-0.059184739,1,1,0,1,1,0,0,0,-0.042,1,0,0,1
p000133,6.5,2,8.50658,9.473725908,0.3,0,1,1,0,0,0,0,0,0,0,-0.059184739,1,1,1,1,1,0,0,0,0.018,1,0,0,1
p000134,6.2,2,9.15998,9.473725908,0.3,0,1,1,0,0,0,0,0,0,0,-0.089991616,1,1,1,1,1,0,0,0,-0.172,1,0,0,1
p000135,4.5,2,7.85318,9.473725908,0.3,0,1,1,0,0,0,0,1,0,0,-0.036159056,1,1,1,1,1,0,0,0,0.165,1,0,0,1
p000136,6.6,2,8.50658,9.473725908,0.3,0,1,1,0,0,0,0,0,0,0,-0.059184739,1,1,1,1,1,0,0,0,-0.114,1,0,0,1
p000137,5.8,2,6.77909,0,0,0,1,1,0,0,0,1,0,0,0,-0.025051546,1,0,0,0,1,0,1,0,0.49,1,0,0,0
p000138,5.8,2,6.77909,0,0,0,1,1,0,0,0,1,0,0,0,-0.025051546,1,0,0,0,1,0,1,0,0.343,1,0,0,0
p000139,6.447,1,6.43467,4.736862954,0.3,0,1,1,0,0,0,0,0,0,1,0.165035554,0,1,0,0,0,0,0,0,0.065,1,0,0,0
p000139,6.276,1,6.43467,4.736862954,0.3,0,1,1,0,0,0,0,0,0,1,0.165035554,0,1,0,0,0,0,0,0,0.065,1,0,0,0
p000139,5.146,1,6.43467,4.736862954,0.3,0,1,1,0,0,0,0,0,0,1,0.165035554,0,1,0,0,0,0,0,0,0.065,1,0,0,0
p000139,4.602,1,6.43467,4.736862954,0.3,0,1,1,0,0,0,0,0,0,1,0.165035554,0,1,0,0,0,0,0,0,0.065,1,0,0,0
p000139,5.398,1,6.43467,4.736862954,0.3,0,1,1,0,0,0,0,0,0,1,0.165035554,0,1,0,0,0,0,0,0,0.065,1,0,0,0
p000139,5.342,1,6.43467,4.736862954,0.3,0,1,1,0,0,0,0,0,0,1,0.165035554,0,1,0,0,0,0,0,0,0.065,1,0,0,0
p000139,5.114,1,6.43467,4.736862954,0.3,0,1,1,0,0,0,0,0,0,1,0.165035554,0,1,0,0,0,0,0,0,0.065,1,0,0,0
p000139,5.23,1,6.43467,4.736862954,0.3,0,1,1,0,0,0,0,0,0,1,0.165035554,0,1,0,0,0,0,0,0,0.065,1,0,0,0
p000139,4.833,2,6.43467,4.736862954,0.3,0,1,1,0,0,0,0,0,0,1,0.165035554,0,1,0,0,0,0,0,0,0.065,1,0,0,0
p000140,5.28,3,6.0156,0,0,0,1,1,0,0,0,1,0,0,0,-0.002690122,0,0,0,0,0,0,1,0,0.074,0,0,0,1
p000141,3.32,3,4.14522,0,0,0,1,0,0,0,1,0,0,0,0,0.367199514,1,0,0,0,0,0,1,0,-0.039,1,0,0,0
p000142,5.857,1,5.49488,4.736862954,0.3,0,0,1,0,0,0,0,0,0,0,0.168266942,1,1,0,0,0,0,1,0,0.065,1,0,0,0
p000142,5.544,1,5.49488,4.736862954,0.3,0,0,1,0,0,0,0,0,0,0,0.168266942,1,1,0,0,0,0,1,0,0.065,1,0,0,0
p000142,4.845,1,5.49488,4.736862954,0.3,0,0,1,0,0,0,0,0,0,0,0.168266942,1,1,0,0,0,0,1,0,0.065,1,0,0,0
p000142,4,1,5.49488,4.736862954,0.3,0,0,1,0,0,0,0,0,0,0,0.168266942,1,1,0,0,0,0,1,0,0.065,1,0,0,0
p000142,5,1,5.49488,4.736862954,0.3,0,0,1,0,0,0,0,0,0,0,0.168266942,1,1,0,0,0,0,1,0,0.065,1,0,0,0
p000143,6.5,2,8.50658,9.473725908,0.3,0,1,1,0,0,0,0,0,0,0,-0.059184739,1,1,1,1,1,0,0,0,0.057,1,0,0,1
p000144,5.8,2,7.43249,0,0,0,1,1,0,0,0,1,0,0,0,-0.043397507,1,1,0,0,1,0,1,0,0.475,1,0,0,0
p000145,5.9,2,8.08589,0,0,0,1,1,0,0,0,1,0,0,0,-0.06858512,1,1,0,0,1,0,1,0,0.069,1,0,0,0
p000146,5.7,2,7.43249,0,0,0,1,1,0,0,0,1,0,0,0,-0.043397507,1,1,0,0,1,0,1,0,0.381,1,0,0,0
p000147,5.9,2,7.43249,0,0,0,1,1,0,0,0,1,0,0,0,-0.043397507,1,1,0,0,1,0,1,0,0.443,1,0,0,0
p000148,5.4,2,7.85318,9.473725908,0.3,0,1,1,0,0,0,0,0,0,0,-0.036159056,1,1,1,1,1,0,0,0,0.063,1,0,0,1
p000149,6.98,3,7.9758,0,0,0,1,1,0,0,0,1,0,0,0,-0.050614915,1,0,0,0,0,0,1,0,0.08,1,0,0,1
p000149,6.91,3,7.9758,0,0,0,1,1,0,0,0,1,0,0,0,-0.050614915,1,0,0,0,0,0,1,0,0.08,1,0,0,1
p000150,5.6,2,7.43249,0,0,0,1,1,0,0,0,1,0,0,0,-0.043397507,1,1,0,0,1,0,1,0,0.03,1,0,0,0
p000151,5.4,2,7.85318,9.473725908,0.3,0,1,1,0,0,0,0,0,0,0,-0.036159056,1,1,1,1,1,0,0,0,-0.106,1,0,0,1
p000152,5.8,2,6.77909,0,0,0,1,1,0,0,0,1,0,0,0,-0.025051546,1,0,0,0,1,0,1,0,0.41,1,0,0,0
p000153,5.8,2,6.77909,0,0,0,1,1,0,0,0,1,0,0,0,-0.025051546,1,0,0,0,1,0,1,0,0.381,1,0,0,0
p000154,3.38,3,4.37889,0,0,0,1,0,0,0,1,0,0,0,0,0.319313481,1,0,0,0,0,0,1,0,0.014,1,0,0,0
p000155,5.19,1,6.669,0,0,0,1,1,0,0,0,1,0,0,0,-0.012294605,0,0,0,0,0,0,1,0,-0.232,0,0,0,1
p000155,4.91,1,6.669,0,0,0,1,1,0,0,0,1,0,0,0,-0.012294605,0,0,0,0,0,0,1,0,-0.232,0,0,0,1
p000155,4.84,1,6.669,0,0,0,1,1,0,0,0,1,0,0,0,-0.012294605,0,0,0,0,0,0,1,0,-0.232,0,0,0,1
p000155,6.06,3,6.669,0,0,0,1,1,0,0,0,1,0,0,0,-0.012294605,0,0,0,0,0,0,1,0,-0.232,0,0,0,1
p000156,6.47,3,6.669,0,0,0,1,1,0,0,0,0,0,0,0,-0.012294605,0,0,0,0,0,0,1,0,0.282,0,0,0,0
p000157,6.92,3,7.9758,0,0,0,1,1,0,0,0,1,0,0,0,-0.050614915,1,0,0,0,0,0,1,0,-0.318,1,0,0,1
p000158,6.7,3,6.0156,0,0,0,1,1,0,0,0,0,0,0,1,-0.002690122,0,0,0,0,0,0,1,0,0.271,0,0,0,0
p000159,3.58,3,7.02969,4.736862954,0.3,0,0,0,0,0,0,0,0,0,0,-0.029501929,0,0,1,0,0,0,1,0,0.82,0,0,0,0
p000160,3.21,3,0.54499, NA, NA, NA, NA, NA,0, NA,0, NA, NA, NA, NA,0.125672135, NA, NA, NA, NA, NA, NA,1, NA, NA, NA, NA, NA, NA
p000161,3.67,3,4.60722,0,0,0,1,0,0,0,1,0,0,0,0,0.285115771,1,0,0,0,0,0,1,0,-0.129,1,0,0,0
p000162,6.88,3,8.6292,0,0,0,1,1,0,0,0,1,0,0,0,-0.081568139,1,1,0,0,0,0,1,0,-0.641,1,0,0,1
p000163,5.48,1,7.02969,4.736862954,0.3,0,0,0,0,0,0,0,0,0,0,-0.029501929,0,0,0,0,0,0,1,0,0.405,0,0,0,0
p000163,5.69,1,7.02969,4.736862954,0.3,0,0,0,0,0,0,0,0,0,0,-0.029501929,0,0,0,0,0,0,1,0,0.405,0,0,0,0
p000163,6.19,1,7.02969,4.736862954,0.3,0,0,0,0,0,0,0,0,0,0,-0.029501929,0,0,0,0,0,0,1,0,0.405,0,0,0,0
p000163,5.48,1,7.02969,4.736862954,0.3,0,0,0,0,0,0,0,0,0,0,-0.029501929,0,0,0,0,0,0,1,0,0.405,0,0,0,0
p000163,5.48,1,7.02969,4.736862954,0.3,0,0,0,0,0,0,0,0,0,0,-0.029501929,0,0,0,0,0,0,1,0,0.405,0,0,0,0
p000163,5.81,1,7.02969,4.736862954,0.3,0,0,0,0,0,0,0,0,0,0,-0.029501929,0,0,0,0,0,0,1,0,0.405,0,0,0,0
p000163,5.86,1,7.02969,4.736862954,0.3,0,0,0,0,0,0,0,0,0,0,-0.029501929,0,0,0,0,0,0,1,0,0.405,0,0,0,0
p000163,6.12,3,7.02969,4.736862954,0.3,0,0,0,0,0,0,0,0,0,0,-0.029501929,0,0,0,0,0,0,1,0,0.405,0,0,0,0
p000164,4.06,1,4.74219,4.736862954,0.3,0,0,0,0,0,0,0,0,0,0,-0.000342,0,0,0,0,0,0,0,0,0.124,0,0,0,0
p000165,5.613,1,6.46917,4.736862954,0.3,0,1,1,0,0,0,0,0,0,0,0.177543105,1,1,0,0,1,0,1,0,0.095,1,0,0,0
p000165,5.785,1,6.46917,4.736862954,0.3,0,1,1,0,0,0,0,0,0,0,0.177543105,1,1,0,0,1,0,1,0,0.095,1,0,0,0
p000165,5.301,1,6.46917,4.736862954,0.3,0,1,1,0,0,0,0,0,0,0,0.177543105,1,1,0,0,1,0,1,0,0.095,1,0,0,0
p000165,4.778,1,6.46917,4.736862954,0.3,0,1,1,0,0,0,0,0,0,0,0.177543105,1,1,0,0,1,0,1,0,0.095,1,0,0,0
p000165,5.491,1,6.46917,4.736862954,0.3,0,1,1,0,0,0,0,0,0,0,0.177543105,1,1,0,0,1,0,1,0,0.095,1,0,0,0
p000165,4.748,1,6.46917,4.736862954,0.3,0,1,1,0,0,0,0,0,0,0,0.177543105,1,1,0,0,1,0,1,0,0.095,1,0,0,0
p000165,4.633,1,6.46917,4.736862954,0.3,0,1,1,0,0,0,0,0,0,0,0.177543105,1,1,0,0,1,0,1,0,0.095,1,0,0,0
p000165,4.892,1,6.46917,4.736862954,0.3,0,1,1,0,0,0,0,0,0,0,0.177543105,1,1,0,0,1,0,1,0,0.095,1,0,0,0
p000165,5.104,1,6.46917,4.736862954,0.3,0,1,1,0,0,0,0,0,0,0,0.177543105,1,1,0,0,1,0,1,0,0.095,1,0,0,0
p000165,4.934,1,6.46917,4.736862954,0.3,0,1,1,0,0,0,0,0,0,0,0.177543105,1,1,0,0,1,0,1,0,0.095,1,0,0,0
p000165,5.134,1,6.46917,4.736862954,0.3,0,1,1,0,0,0,0,0,0,0,0.177543105,1,1,0,0,1,0,1,0,0.095,1,0,0,0
p000165,4.964,1,6.46917,4.736862954,0.3,0,1,1,0,0,0,0,0,0,0,0.177543105,1,1,0,0,1,0,1,0,0.095,1,0,0,0
p000165,5.004,1,6.46917,4.736862954,0.3,0,1,1,0,0,0,0,0,0,0,0.177543105,1,1,0,0,1,0,1,0,0.095,1,0,0,0
p000165,4.886,1,6.46917,4.736862954,0.3,0,1,1,0,0,0,0,0,0,0,0.177543105,1,1,0,0,1,0,1,0,0.095,1,0,0,0
p000165,4.462,1,6.46917,4.736862954,0.3,0,1,1,0,0,0,0,0,0,0,0.177543105,1,1,0,0,1,0,1,0,0.095,1,0,0,0
p000165,4.903,1,6.46917,4.736862954,0.3,0,1,1,0,0,0,0,0,0,0,0.177543105,1,1,0,0,1,0,1,0,0.095,1,0,0,0
p000165,5.029,1,6.46917,4.736862954,0.3,0,1,1,0,0,0,0,0,0,0,0.177543105,1,1,0,0,1,0,1,0,0.095,1,0,0,0
p000165,4.748,2,6.46917,4.736862954,0.3,0,1,1,0,0,0,0,0,0,0,0.177543105,1,1,0,0,1,0,1,0,0.095,1,0,0,0
p000166,6.57,1,7.79219,4.736862954,0.3,0,0,0,0,0,0,0,0,0,0,-0.04698184,0,0,0,0,0,0,1,0,0.063,0,0,0,0
p000166,6.08,1,7.79219,4.736862954,0.3,0,0,0,0,0,0,0,0,0,0,-0.04698184,0,0,0,0,0,0,1,0,0.063,0,0,0,0
p000166,6.83,1,7.79219,4.736862954,0.3,0,0,0,0,0,0,0,0,0,0,-0.04698184,0,0,0,0,0,0,1,0,0.063,0,0,0,0
p000166,6.99,1,7.79219,4.736862954,0.3,0,0,0,0,0,0,0,0,0,0,-0.04698184,0,0,0,0,0,0,1,0,0.063,0,0,0,0
p000166,6.29,1,7.79219,4.736862954,0.3,0,0,0,0,0,0,0,0,0,0,-0.04698184,0,0,0,0,0,0,1,0,0.063,0,0,0,0
p000167,7.2,1,8.55469,4.736862954,0.3,0,0,0,0,0,0,0,0,0,0,-0.067573239,0,0,0,0,0,0,1,0,0.798,1,0,0,0
p000167,6.43,1,8.55469,4.736862954,0.3,0,0,0,0,0,0,0,0,0,0,-0.067573239,0,0,0,0,0,0,1,0,0.798,1,0,0,0
p000167,7.24,1,8.55469,4.736862954,0.3,0,0,0,0,0,0,0,0,0,0,-0.067573239,0,0,0,0,0,0,1,0,0.798,1,0,0,0
p000167,7.13,1,8.55469,4.736862954,0.3,0,0,0,0,0,0,0,0,0,0,-0.067573239,0,0,0,0,0,0,1,0,0.798,1,0,0,0
p000167,6.77,1,8.55469,4.736862954,0.3,0,0,0,0,0,0,0,0,0,0,-0.067573239,0,0,0,0,0,0,1,0,0.798,1,0,0,0
p000167,6.81,3,8.55469,4.736862954,0.3,0,0,0,0,0,0,0,0,0,0,-0.067573239,0,0,0,0,0,0,1,0,0.798,1,0,0,0
p000168,3.75,3,4.0554,0,0,0,1,1,0,0,0,0,0,0,0,-0.04184272,0,0,0,0,0,1,1,0,0.186,0,0,0,0
p000168,4.91,3,4.0554,0,0,0,1,1,0,0,0,0,0,0,0,-0.04184272,0,0,0,0,0,1,1,0,0.186,0,0,0,0
p000168,5.02,3,4.0554,0,0,0,1,1,0,0,0,0,0,0,0,-0.04184272,0,0,0,0,0,1,1,0,0.186,0,0,0,0
p000169,6.64,3,7.3224,0,0,0,1,1,0,0,0,1,0,0,1,-0.028097341,1,0,0,0,0,0,1,0,0.002,0,0,1,1
p000169,6.6,3,7.3224,0,0,0,1,1,0,0,0,1,0,0,1,-0.028097341,1,0,0,0,0,0,1,0,0.002,0,0,1,1
p000170,4.29,3,3.56539,0,1,0,0,0,0,0,0,0,0,0,0,-0.204081633,0,0,0,0,0,0,1,0,0.119,0,0,0,0
p000171,4.56,3,4.40759,0,0,0,1,0,1,0,1,0,0,0,0,0.060603568,1,1,0,0,0,0,1,1,-0.815,1,0,0,0
p000171,4.96,3,4.40759,0,0,0,1,0,1,0,1,0,0,0,0,0.060603568,1,1,0,0,0,0,1,1,-0.815,1,0,0,0
p000172,5.17,3,5.60899,0,0,0,1,0,1,0,1,0,0,0,0,-0.006835871,1,0,0,0,0,0,1,0,-0.759,1,0,0,0
p000173,5.653,1,6.69607,4.736862954,0.3,0,1,1,0,0,0,0,0,0,0,0.120898741,1,1,0,0,0,0,1,0,0.003,1,0,0,0
p000173,6.121,1,6.69607,4.736862954,0.3,0,1,1,0,0,0,0,0,0,0,0.120898741,1,1,0,0,0,0,1,0,0.003,1,0,0,0
p000174,5.255,1,6.69607,4.736862954,0.3,0,1,1,0,0,0,0,0,0,0,0.120898741,1,1,0,0,0,0,1,0,-0.086,1,0,0,0
p000174,4.699,1,6.69607,4.736862954,0.3,0,1,1,0,0,0,0,0,0,0,0.120898741,1,1,0,0,0,0,1,0,-0.086,1,0,0,0
p000174,5.38,1,6.69607,4.736862954,0.3,0,1,1,0,0,0,0,0,0,0,0.120898741,1,1,0,0,0,0,1,0,-0.086,1,0,0,0
p000175,6.33,1,6.90588,4.736862954,0.3,0,1,1,0,0,0,0,0,0,0,0.038160011,1,1,0,0,0,0,1,0,0.311,1,0,0,0
p000175,6.314,1,6.90588,4.736862954,0.3,0,1,1,0,0,0,0,0,0,0,0.038160011,1,1,0,0,0,0,1,0,0.311,1,0,0,0
p000175,5.568,1,6.90588,4.736862954,0.3,0,1,1,0,0,0,0,0,0,0,0.038160011,1,1,0,0,0,0,1,0,0.311,1,0,0,0
p000175,5.079,1,6.90588,4.736862954,0.3,0,1,1,0,0,0,0,0,0,0,0.038160011,1,1,0,0,0,0,1,0,0.311,1,0,0,0
p000175,5.732,1,6.90588,4.736862954,0.3,0,1,1,0,0,0,0,0,0,0,0.038160011,1,1,0,0,0,0,1,0,0.311,1,0,0,0
p000176,5.12,1,6.26719,4.736862954,0.3,0,0,0,0,0,0,0,0,0,0,-0.014959142,0,0,0,0,0,0,1,0,0.902,0,0,0,0
p000177,5.81,1,6.26719,4.736862954,0.3,0,0,0,0,1,0,0,0,0,0,-0.014959142,0,0,0,0,0,0,1,0,-0.271,0,0,0,0
p000177,5.68,1,6.26719,4.736862954,0.3,0,0,0,0,1,0,0,0,0,0,-0.014959142,0,0,0,0,0,0,1,0,-0.271,0,0,0,0
p000177,6.3,1,6.26719,4.736862954,0.3,0,0,0,0,1,0,0,0,0,0,-0.014959142,0,0,0,0,0,0,1,0,-0.271,0,0,0,0
p000177,6.81,1,6.26719,4.736862954,0.3,0,0,0,0,1,0,0,0,0,0,-0.014959142,0,0,0,0,0,0,1,0,-0.271,0,0,0,0
p000177,4.98,1,6.26719,4.736862954,0.3,0,0,0,0,1,0,0,0,0,0,-0.014959142,0,0,0,0,0,0,1,0,-0.271,0,0,0,0
p000178,5.14,3,5.12258,0,0.3,0,1,0,1,0,1,0,0,0,0,0.067430315,1,1,0,0,0,0,1,0,-0.825,1,0,0,0
p000179,4.57,3,4.40759,0,0,0,1,0,1,0,1,0,0,0,0,0.060603568,1,1,0,0,0,0,1,1,0.248,1,0,0,0
p000180,5.65,1,4.37889,0,0,0,1,0,1,0,1,0,0,0,0,0.000436,1,1,0,0,0,0,1,1,-0.904,1,0,0,0
p000181,6.31,1,7.02969,4.736862954,0.3,0,0,0,0,1,0,0,0,0,0,-0.029501929,0,0,0,0,0,0,1,0,0.506,0,0,0,0
p000181,6.05,1,7.02969,4.736862954,0.3,0,0,0,0,1,0,0,0,0,0,-0.029501929,0,0,0,0,0,0,1,0,0.506,0,0,0,0
p000181,6.64,1,7.02969,4.736862954,0.3,0,0,0,0,1,0,0,0,0,0,-0.029501929,0,0,0,0,0,0,1,0,0.506,0,0,0,0
p000181,6.78,1,7.02969,4.736862954,0.3,0,0,0,0,1,0,0,0,0,0,-0.029501929,0,0,0,0,0,0,1,0,0.506,0,0,0,0
p000182,7.1,1,8.55469,4.736862954,0.3,0,0,0,0,0,0,0,0,0,0,-0.067573239,0,0,0,0,0,0,1,0,1.454,1,0,0,0
p000182,6.35,1,8.55469,4.736862954,0.3,0,0,0,0,0,0,0,0,0,0,-0.067573239,0,0,0,0,0,0,1,0,1.454,1,0,0,0
p000182,7.2,1,8.55469,4.736862954,0.3,0,0,0,0,0,0,0,0,0,0,-0.067573239,0,0,0,0,0,0,1,0,1.454,1,0,0,0
p000182,7.18,1,8.55469,4.736862954,0.3,0,0,0,0,0,0,0,0,0,0,-0.067573239,0,0,0,0,0,0,1,0,1.454,1,0,0,0
p000182,6.91,1,8.55469,4.736862954,0.3,0,0,0,0,0,0,0,0,0,0,-0.067573239,0,0,0,0,0,0,1,0,1.454,1,0,0,0
p000183,7.38,1,9.31719,4.736862954,0.3,0,0,0,0,0,0,0,0,0,0,-0.091798775,1,1,0,0,0,0,1,0,1.033,1,0,0,0
p000183,6.6,1,9.31719,4.736862954,0.3,0,0,0,0,0,0,0,0,0,0,-0.091798775,1,1,0,0,0,0,1,0,1.033,1,0,0,0
p000183,8.02,1,9.31719,4.736862954,0.3,0,0,0,0,0,0,0,0,0,0,-0.091798775,1,1,0,0,0,0,1,0,1.033,1,0,0,0
p000183,7.36,1,9.31719,4.736862954,0.3,0,0,0,0,0,0,0,0,0,0,-0.091798775,1,1,0,0,0,0,1,0,1.033,1,0,0,0
p000183,6.74,3,9.31719,4.736862954,0.3,0,0,0,0,0,0,0,0,0,0,-0.091798775,1,1,0,0,0,0,1,0,1.033,1,0,0,0
p000184,4.62,1,5.50469,4.736862954,0.3,0,0,0,0,1,0,0,0,0,0,-0.003913809,0,0,0,0,0,0,1,0,-0.024,0,0,0,0
p000185,5.14,3,5.60899,0,0,0,1,0,1,0,1,0,0,0,0,-0.006835871,1,0,0,0,0,0,1,0,-0.689,1,0,0,0
p000186,5.22,3,6.4788,0,0.3,0,1,1,0,0,0,0,0,0,0,0.244987073,0,0,0,0,0,0,1,0,-0.174,1,0,0,0
p000187,4.53,3,3.59589,0,0,0,1,0,1,0,1,0,0,0,0,0.057335027,1,1,0,0,0,0,1,1,-0.719,1,0,0,0
p000188,4.36,3,4.04259,0,0,0,0,1,0,0,1,0,0,0,0,0.034615072,1,1,0,0,0,0,1,0,-0.205,1,0,0,0
p000189,3.22,3,3.6444,0,0,0,0,0,0,0,1,0,0,0,0,-0.25,0,0,0,0,0,0,0,0,0.654,0,0,0,0
p000190,3.29,3,3.6444,0,0,0,0,0,0,0,1,0,0,0,0,-0.25,0,0,0,0,0,0,0,0,0.954,0,0,0,0
p000191,3.26,3,3.6444,0,0,0,0,0,0,0,1,0,0,0,0,-0.25,0,0,0,0,0,0,0,0,0.362,0,0,0,0
